TrialNumber,Response_Time,participant_id,session_type
1,0.0,Subject3,Calming
1,1432.0,Subject3,Calming
1,825.0,Subject3,Calming
1,631.0,Subject3,Calming
1,531.0,Subject3,Calming
1,421.0,Subject3,Calming
1,849.0,Subject3,Calming
1,1141.0,Subject3,Calming
1,922.0,Subject3,Calming
1,387.0,Subject3,Calming
1,344.0,Subject3,Calming
1,473.0,Subject3,Calming
1,668.0,Subject3,Calming
1,290.0,Subject3,Calming
1,209.0,Subject3,Calming
1,282.0,Subject3,Calming
1,797.0,Subject3,Calming
1,426.0,Subject3,Calming
1,350.0,Subject3,Calming
1,290.0,Subject3,Calming
1,757.0,Subject3,Calming
1,392.0,Subject3,Calming
2,0.0,Subject3,Calming
2,0.0,Subject3,Calming
2,0.0,Subject3,Calming
2,442.0,Subject3,Calming
2,765.0,Subject3,Calming
2,1063.0,Subject3,Calming
2,0.0,Subject3,Calming
2,1147.0,Subject3,Calming
2,623.0,Subject3,Calming
2,462.0,Subject3,Calming
2,410.0,Subject3,Calming
2,0.0,Subject3,Calming
2,892.0,Subject3,Calming
2,544.0,Subject3,Calming
2,555.0,Subject3,Calming
2,325.0,Subject3,Calming
2,529.0,Subject3,Calming
2,822.0,Subject3,Calming
2,532.0,Subject3,Calming
2,457.0,Subject3,Calming
2,815.0,Subject3,Calming
2,356.0,Subject3,Calming
3,0.0,Subject3,Calming
3,0.0,Subject3,Calming
3,0.0,Subject3,Calming
3,289.0,Subject3,Calming
3,1378.0,Subject3,Calming
3,840.0,Subject3,Calming
3,629.0,Subject3,Calming
3,560.0,Subject3,Calming
3,876.0,Subject3,Calming
3,759.0,Subject3,Calming
3,191.0,Subject3,Calming
3,552.0,Subject3,Calming
3,465.0,Subject3,Calming
3,381.0,Subject3,Calming
3,163.0,Subject3,Calming
3,301.0,Subject3,Calming
3,271.0,Subject3,Calming
3,322.0,Subject3,Calming
3,519.0,Subject3,Calming
3,477.0,Subject3,Calming
3,998.0,Subject3,Calming
3,859.0,Subject3,Calming
4,0.0,Subject3,Calming
4,198.0,Subject3,Calming
4,293.0,Subject3,Calming
4,112.0,Subject3,Calming
4,97.0,Subject3,Calming
4,127.0,Subject3,Calming
4,389.0,Subject3,Calming
4,333.0,Subject3,Calming
4,267.0,Subject3,Calming
4,275.0,Subject3,Calming
4,336.0,Subject3,Calming
4,472.0,Subject3,Calming
4,202.0,Subject3,Calming
4,433.0,Subject3,Calming
4,647.0,Subject3,Calming
4,369.0,Subject3,Calming
4,298.0,Subject3,Calming
4,665.0,Subject3,Calming
4,376.0,Subject3,Calming
4,264.0,Subject3,Calming
4,259.0,Subject3,Calming
4,385.0,Subject3,Calming
5,0.0,Subject3,Calming
5,0.0,Subject3,Calming
5,0.0,Subject3,Calming
5,206.0,Subject3,Calming
5,601.0,Subject3,Calming
5,674.0,Subject3,Calming
5,793.0,Subject3,Calming
5,1194.0,Subject3,Calming
5,935.0,Subject3,Calming
5,359.0,Subject3,Calming
5,822.0,Subject3,Calming
5,650.0,Subject3,Calming
5,765.0,Subject3,Calming
5,942.0,Subject3,Calming
5,507.0,Subject3,Calming
5,819.0,Subject3,Calming
5,1092.0,Subject3,Calming
5,1160.0,Subject3,Calming
5,1007.0,Subject3,Calming
5,527.0,Subject3,Calming
5,624.0,Subject3,Calming
5,774.0,Subject3,Calming
6,0.0,Subject3,Calming
6,216.0,Subject3,Calming
6,155.0,Subject3,Calming
6,158.0,Subject3,Calming
6,284.0,Subject3,Calming
6,200.0,Subject3,Calming
6,245.0,Subject3,Calming
6,195.0,Subject3,Calming
6,457.0,Subject3,Calming
6,712.0,Subject3,Calming
6,287.0,Subject3,Calming
6,130.0,Subject3,Calming
6,311.0,Subject3,Calming
6,510.0,Subject3,Calming
6,562.0,Subject3,Calming
6,157.0,Subject3,Calming
6,285.0,Subject3,Calming
6,654.0,Subject3,Calming
6,768.0,Subject3,Calming
6,210.0,Subject3,Calming
6,335.0,Subject3,Calming
6,358.0,Subject3,Calming
7,0.0,Subject3,Calming
7,80.0,Subject3,Calming
7,283.0,Subject3,Calming
7,230.0,Subject3,Calming
7,204.0,Subject3,Calming
7,159.0,Subject3,Calming
7,204.0,Subject3,Calming
7,221.0,Subject3,Calming
7,47.0,Subject3,Calming
7,326.0,Subject3,Calming
7,3.0,Subject3,Calming
7,688.0,Subject3,Calming
7,221.0,Subject3,Calming
7,71.0,Subject3,Calming
7,0.0,Subject3,Calming
7,50.0,Subject3,Calming
7,660.0,Subject3,Calming
7,325.0,Subject3,Calming
7,403.0,Subject3,Calming
7,313.0,Subject3,Calming
7,247.0,Subject3,Calming
7,75.0,Subject3,Calming
8,0.0,Subject3,Calming
8,0.0,Subject3,Calming
8,0.0,Subject3,Calming
8,0.0,Subject3,Calming
8,460.0,Subject3,Calming
8,637.0,Subject3,Calming
8,1036.0,Subject3,Calming
8,769.0,Subject3,Calming
8,497.0,Subject3,Calming
8,716.0,Subject3,Calming
8,457.0,Subject3,Calming
8,686.0,Subject3,Calming
8,403.0,Subject3,Calming
8,430.0,Subject3,Calming
8,1003.0,Subject3,Calming
8,433.0,Subject3,Calming
8,420.0,Subject3,Calming
8,541.0,Subject3,Calming
8,470.0,Subject3,Calming
8,326.0,Subject3,Calming
8,521.0,Subject3,Calming
8,597.0,Subject3,Calming
9,0.0,Subject3,Calming
9,0.0,Subject3,Calming
9,0.0,Subject3,Calming
9,212.0,Subject3,Calming
9,493.0,Subject3,Calming
9,611.0,Subject3,Calming
9,422.0,Subject3,Calming
9,232.0,Subject3,Calming
9,587.0,Subject3,Calming
9,360.0,Subject3,Calming
9,458.0,Subject3,Calming
9,816.0,Subject3,Calming
9,1067.0,Subject3,Calming
9,824.0,Subject3,Calming
9,196.0,Subject3,Calming
9,823.0,Subject3,Calming
9,1068.0,Subject3,Calming
9,817.0,Subject3,Calming
9,1186.0,Subject3,Calming
9,539.0,Subject3,Calming
9,727.0,Subject3,Calming
9,840.0,Subject3,Calming
10,0.0,Subject3,Calming
10,2.0,Subject3,Calming
10,166.0,Subject3,Calming
10,285.0,Subject3,Calming
10,57.0,Subject3,Calming
10,625.0,Subject3,Calming
10,250.0,Subject3,Calming
10,229.0,Subject3,Calming
10,304.0,Subject3,Calming
10,1034.0,Subject3,Calming
10,238.0,Subject3,Calming
10,806.0,Subject3,Calming
10,643.0,Subject3,Calming
10,526.0,Subject3,Calming
10,556.0,Subject3,Calming
10,423.0,Subject3,Calming
10,232.0,Subject3,Calming
10,174.0,Subject3,Calming
10,328.0,Subject3,Calming
10,314.0,Subject3,Calming
10,213.0,Subject3,Calming
10,62.0,Subject3,Calming
11,0.0,Subject3,Calming
11,207.0,Subject3,Calming
11,460.0,Subject3,Calming
11,734.0,Subject3,Calming
11,203.0,Subject3,Calming
11,232.0,Subject3,Calming
11,331.0,Subject3,Calming
11,116.0,Subject3,Calming
11,17.0,Subject3,Calming
11,200.0,Subject3,Calming
11,203.0,Subject3,Calming
11,704.0,Subject3,Calming
11,376.0,Subject3,Calming
11,656.0,Subject3,Calming
11,295.0,Subject3,Calming
11,315.0,Subject3,Calming
11,230.0,Subject3,Calming
11,186.0,Subject3,Calming
11,122.0,Subject3,Calming
11,378.0,Subject3,Calming
11,48.0,Subject3,Calming
11,135.0,Subject3,Calming
12,0.0,Subject3,Calming
12,0.0,Subject3,Calming
12,0.0,Subject3,Calming
12,376.0,Subject3,Calming
12,269.0,Subject3,Calming
12,232.0,Subject3,Calming
12,461.0,Subject3,Calming
12,375.0,Subject3,Calming
12,1002.0,Subject3,Calming
12,506.0,Subject3,Calming
12,787.0,Subject3,Calming
12,808.0,Subject3,Calming
12,927.0,Subject3,Calming
12,853.0,Subject3,Calming
12,621.0,Subject3,Calming
12,520.0,Subject3,Calming
12,290.0,Subject3,Calming
12,1222.0,Subject3,Calming
12,616.0,Subject3,Calming
12,294.0,Subject3,Calming
12,555.0,Subject3,Calming
12,421.0,Subject3,Calming
13,0.0,Subject3,Calming
13,0.0,Subject3,Calming
13,0.0,Subject3,Calming
13,451.0,Subject3,Calming
13,438.0,Subject3,Calming
13,451.0,Subject3,Calming
13,336.0,Subject3,Calming
13,1014.0,Subject3,Calming
13,610.0,Subject3,Calming
13,358.0,Subject3,Calming
13,673.0,Subject3,Calming
13,541.0,Subject3,Calming
13,579.0,Subject3,Calming
13,277.0,Subject3,Calming
13,735.0,Subject3,Calming
13,260.0,Subject3,Calming
13,367.0,Subject3,Calming
13,1041.0,Subject3,Calming
13,1177.0,Subject3,Calming
13,1231.0,Subject3,Calming
13,907.0,Subject3,Calming
13,823.0,Subject3,Calming
14,0.0,Subject3,Calming
14,314.0,Subject3,Calming
14,299.0,Subject3,Calming
14,609.0,Subject3,Calming
14,425.0,Subject3,Calming
14,367.0,Subject3,Calming
14,481.0,Subject3,Calming
14,369.0,Subject3,Calming
14,628.0,Subject3,Calming
14,254.0,Subject3,Calming
14,859.0,Subject3,Calming
14,388.0,Subject3,Calming
14,836.0,Subject3,Calming
14,581.0,Subject3,Calming
14,795.0,Subject3,Calming
14,341.0,Subject3,Calming
14,324.0,Subject3,Calming
14,248.0,Subject3,Calming
14,372.0,Subject3,Calming
14,465.0,Subject3,Calming
14,315.0,Subject3,Calming
14,143.0,Subject3,Calming
15,0.0,Subject3,Calming
15,0.0,Subject3,Calming
15,0.0,Subject3,Calming
15,605.0,Subject3,Calming
15,430.0,Subject3,Calming
15,429.0,Subject3,Calming
15,676.0,Subject3,Calming
15,299.0,Subject3,Calming
15,294.0,Subject3,Calming
15,136.0,Subject3,Calming
15,399.0,Subject3,Calming
15,478.0,Subject3,Calming
15,547.0,Subject3,Calming
15,211.0,Subject3,Calming
15,245.0,Subject3,Calming
15,977.0,Subject3,Calming
15,391.0,Subject3,Calming
15,518.0,Subject3,Calming
15,91.0,Subject3,Calming
15,454.0,Subject3,Calming
15,516.0,Subject3,Calming
15,1017.0,Subject3,Calming
16,0.0,Subject3,Calming
16,279.0,Subject3,Calming
16,277.0,Subject3,Calming
16,1014.0,Subject3,Calming
16,828.0,Subject3,Calming
16,329.0,Subject3,Calming
16,208.0,Subject3,Calming
16,85.0,Subject3,Calming
16,55.0,Subject3,Calming
16,611.0,Subject3,Calming
16,195.0,Subject3,Calming
16,361.0,Subject3,Calming
16,266.0,Subject3,Calming
16,564.0,Subject3,Calming
16,315.0,Subject3,Calming
16,367.0,Subject3,Calming
16,110.0,Subject3,Calming
16,141.0,Subject3,Calming
16,285.0,Subject3,Calming
16,23.0,Subject3,Calming
16,239.0,Subject3,Calming
16,26.0,Subject3,Calming
1,0.0,Subject3,Vexing
1,108.0,Subject3,Vexing
1,95.0,Subject3,Vexing
1,152.0,Subject3,Vexing
1,475.0,Subject3,Vexing
1,69.0,Subject3,Vexing
1,182.0,Subject3,Vexing
1,219.0,Subject3,Vexing
1,270.0,Subject3,Vexing
1,177.0,Subject3,Vexing
1,193.0,Subject3,Vexing
1,246.0,Subject3,Vexing
1,476.0,Subject3,Vexing
1,772.0,Subject3,Vexing
1,242.0,Subject3,Vexing
1,664.0,Subject3,Vexing
1,466.0,Subject3,Vexing
1,161.0,Subject3,Vexing
1,441.0,Subject3,Vexing
1,229.0,Subject3,Vexing
1,286.0,Subject3,Vexing
1,506.0,Subject3,Vexing
2,0.0,Subject3,Vexing
2,0.0,Subject3,Vexing
2,0.0,Subject3,Vexing
2,596.0,Subject3,Vexing
2,655.0,Subject3,Vexing
2,599.0,Subject3,Vexing
2,244.0,Subject3,Vexing
2,459.0,Subject3,Vexing
2,484.0,Subject3,Vexing
2,596.0,Subject3,Vexing
2,1031.0,Subject3,Vexing
2,1236.0,Subject3,Vexing
2,506.0,Subject3,Vexing
2,544.0,Subject3,Vexing
2,620.0,Subject3,Vexing
2,775.0,Subject3,Vexing
2,822.0,Subject3,Vexing
2,907.0,Subject3,Vexing
2,1012.0,Subject3,Vexing
2,512.0,Subject3,Vexing
2,1484.0,Subject3,Vexing
2,493.0,Subject3,Vexing
3,0.0,Subject3,Vexing
3,163.0,Subject3,Vexing
3,214.0,Subject3,Vexing
3,937.0,Subject3,Vexing
3,691.0,Subject3,Vexing
3,605.0,Subject3,Vexing
3,276.0,Subject3,Vexing
3,346.0,Subject3,Vexing
3,561.0,Subject3,Vexing
3,335.0,Subject3,Vexing
3,363.0,Subject3,Vexing
3,461.0,Subject3,Vexing
3,382.0,Subject3,Vexing
3,779.0,Subject3,Vexing
3,357.0,Subject3,Vexing
3,0.0,Subject3,Vexing
3,548.0,Subject3,Vexing
3,393.0,Subject3,Vexing
3,1156.0,Subject3,Vexing
3,632.0,Subject3,Vexing
3,284.0,Subject3,Vexing
3,172.0,Subject3,Vexing
4,0.0,Subject3,Vexing
4,0.0,Subject3,Vexing
4,0.0,Subject3,Vexing
4,543.0,Subject3,Vexing
4,1394.0,Subject3,Vexing
4,438.0,Subject3,Vexing
4,491.0,Subject3,Vexing
4,602.0,Subject3,Vexing
4,838.0,Subject3,Vexing
4,616.0,Subject3,Vexing
4,350.0,Subject3,Vexing
4,205.0,Subject3,Vexing
4,339.0,Subject3,Vexing
4,662.0,Subject3,Vexing
4,644.0,Subject3,Vexing
4,591.0,Subject3,Vexing
4,654.0,Subject3,Vexing
4,420.0,Subject3,Vexing
4,629.0,Subject3,Vexing
4,1262.0,Subject3,Vexing
4,441.0,Subject3,Vexing
4,235.0,Subject3,Vexing
5,0.0,Subject3,Vexing
5,164.0,Subject3,Vexing
5,62.0,Subject3,Vexing
5,633.0,Subject3,Vexing
5,277.0,Subject3,Vexing
5,168.0,Subject3,Vexing
5,201.0,Subject3,Vexing
5,84.0,Subject3,Vexing
5,519.0,Subject3,Vexing
5,231.0,Subject3,Vexing
5,46.0,Subject3,Vexing
5,160.0,Subject3,Vexing
5,401.0,Subject3,Vexing
5,408.0,Subject3,Vexing
5,485.0,Subject3,Vexing
5,451.0,Subject3,Vexing
5,847.0,Subject3,Vexing
5,488.0,Subject3,Vexing
5,695.0,Subject3,Vexing
5,840.0,Subject3,Vexing
5,600.0,Subject3,Vexing
5,0.0,Subject3,Vexing
6,0.0,Subject3,Vexing
6,0.0,Subject3,Vexing
6,0.0,Subject3,Vexing
6,689.0,Subject3,Vexing
6,914.0,Subject3,Vexing
6,610.0,Subject3,Vexing
6,625.0,Subject3,Vexing
6,344.0,Subject3,Vexing
6,588.0,Subject3,Vexing
6,348.0,Subject3,Vexing
6,551.0,Subject3,Vexing
6,385.0,Subject3,Vexing
6,760.0,Subject3,Vexing
6,318.0,Subject3,Vexing
6,505.0,Subject3,Vexing
6,624.0,Subject3,Vexing
6,514.0,Subject3,Vexing
6,276.0,Subject3,Vexing
6,138.0,Subject3,Vexing
6,750.0,Subject3,Vexing
6,335.0,Subject3,Vexing
6,449.0,Subject3,Vexing
7,0.0,Subject3,Vexing
7,325.0,Subject3,Vexing
7,190.0,Subject3,Vexing
7,468.0,Subject3,Vexing
7,406.0,Subject3,Vexing
7,76.0,Subject3,Vexing
7,205.0,Subject3,Vexing
7,522.0,Subject3,Vexing
7,252.0,Subject3,Vexing
7,251.0,Subject3,Vexing
7,261.0,Subject3,Vexing
7,278.0,Subject3,Vexing
7,95.0,Subject3,Vexing
7,104.0,Subject3,Vexing
7,144.0,Subject3,Vexing
7,399.0,Subject3,Vexing
7,162.0,Subject3,Vexing
7,108.0,Subject3,Vexing
7,34.0,Subject3,Vexing
7,106.0,Subject3,Vexing
7,164.0,Subject3,Vexing
7,169.0,Subject3,Vexing
8,0.0,Subject3,Vexing
8,0.0,Subject3,Vexing
8,0.0,Subject3,Vexing
8,42.0,Subject3,Vexing
8,583.0,Subject3,Vexing
8,416.0,Subject3,Vexing
8,163.0,Subject3,Vexing
8,376.0,Subject3,Vexing
8,493.0,Subject3,Vexing
8,184.0,Subject3,Vexing
8,342.0,Subject3,Vexing
8,323.0,Subject3,Vexing
8,562.0,Subject3,Vexing
8,447.0,Subject3,Vexing
8,357.0,Subject3,Vexing
8,283.0,Subject3,Vexing
8,332.0,Subject3,Vexing
8,247.0,Subject3,Vexing
8,1419.0,Subject3,Vexing
8,448.0,Subject3,Vexing
8,194.0,Subject3,Vexing
8,275.0,Subject3,Vexing
9,0.0,Subject3,Vexing
9,330.0,Subject3,Vexing
9,476.0,Subject3,Vexing
9,198.0,Subject3,Vexing
9,405.0,Subject3,Vexing
9,157.0,Subject3,Vexing
9,145.0,Subject3,Vexing
9,84.0,Subject3,Vexing
9,263.0,Subject3,Vexing
9,251.0,Subject3,Vexing
9,656.0,Subject3,Vexing
9,257.0,Subject3,Vexing
9,287.0,Subject3,Vexing
9,174.0,Subject3,Vexing
9,269.0,Subject3,Vexing
9,174.0,Subject3,Vexing
9,10.0,Subject3,Vexing
9,94.0,Subject3,Vexing
9,365.0,Subject3,Vexing
9,105.0,Subject3,Vexing
9,119.0,Subject3,Vexing
9,43.0,Subject3,Vexing
10,0.0,Subject3,Vexing
10,0.0,Subject3,Vexing
10,0.0,Subject3,Vexing
10,325.0,Subject3,Vexing
10,225.0,Subject3,Vexing
10,398.0,Subject3,Vexing
10,1091.0,Subject3,Vexing
10,673.0,Subject3,Vexing
10,834.0,Subject3,Vexing
10,237.0,Subject3,Vexing
10,483.0,Subject3,Vexing
10,826.0,Subject3,Vexing
10,407.0,Subject3,Vexing
10,139.0,Subject3,Vexing
10,390.0,Subject3,Vexing
10,597.0,Subject3,Vexing
10,186.0,Subject3,Vexing
10,643.0,Subject3,Vexing
10,307.0,Subject3,Vexing
10,213.0,Subject3,Vexing
10,377.0,Subject3,Vexing
10,241.0,Subject3,Vexing
11,0.0,Subject3,Vexing
11,0.0,Subject3,Vexing
11,0.0,Subject3,Vexing
11,175.0,Subject3,Vexing
11,290.0,Subject3,Vexing
11,530.0,Subject3,Vexing
11,310.0,Subject3,Vexing
11,241.0,Subject3,Vexing
11,117.0,Subject3,Vexing
11,122.0,Subject3,Vexing
11,297.0,Subject3,Vexing
11,306.0,Subject3,Vexing
11,580.0,Subject3,Vexing
11,385.0,Subject3,Vexing
11,675.0,Subject3,Vexing
11,203.0,Subject3,Vexing
11,311.0,Subject3,Vexing
11,515.0,Subject3,Vexing
11,320.0,Subject3,Vexing
11,724.0,Subject3,Vexing
11,547.0,Subject3,Vexing
11,638.0,Subject3,Vexing
12,0.0,Subject3,Vexing
12,230.0,Subject3,Vexing
12,447.0,Subject3,Vexing
12,325.0,Subject3,Vexing
12,10.0,Subject3,Vexing
12,460.0,Subject3,Vexing
12,192.0,Subject3,Vexing
12,168.0,Subject3,Vexing
12,36.0,Subject3,Vexing
12,296.0,Subject3,Vexing
12,81.0,Subject3,Vexing
12,282.0,Subject3,Vexing
12,271.0,Subject3,Vexing
12,20.0,Subject3,Vexing
12,105.0,Subject3,Vexing
12,236.0,Subject3,Vexing
12,203.0,Subject3,Vexing
12,129.0,Subject3,Vexing
12,84.0,Subject3,Vexing
12,36.0,Subject3,Vexing
12,112.0,Subject3,Vexing
12,332.0,Subject3,Vexing
13,0.0,Subject3,Vexing
13,0.0,Subject3,Vexing
13,0.0,Subject3,Vexing
13,48.0,Subject3,Vexing
13,218.0,Subject3,Vexing
13,116.0,Subject3,Vexing
13,162.0,Subject3,Vexing
13,589.0,Subject3,Vexing
13,269.0,Subject3,Vexing
13,305.0,Subject3,Vexing
13,157.0,Subject3,Vexing
13,110.0,Subject3,Vexing
13,329.0,Subject3,Vexing
13,114.0,Subject3,Vexing
13,298.0,Subject3,Vexing
13,262.0,Subject3,Vexing
13,607.0,Subject3,Vexing
13,284.0,Subject3,Vexing
13,654.0,Subject3,Vexing
13,340.0,Subject3,Vexing
13,153.0,Subject3,Vexing
13,329.0,Subject3,Vexing
14,0.0,Subject3,Vexing
14,7.0,Subject3,Vexing
14,0.0,Subject3,Vexing
14,148.0,Subject3,Vexing
14,192.0,Subject3,Vexing
14,22.0,Subject3,Vexing
14,426.0,Subject3,Vexing
14,270.0,Subject3,Vexing
14,218.0,Subject3,Vexing
14,82.0,Subject3,Vexing
14,403.0,Subject3,Vexing
14,279.0,Subject3,Vexing
14,281.0,Subject3,Vexing
14,353.0,Subject3,Vexing
14,78.0,Subject3,Vexing
14,96.0,Subject3,Vexing
14,18.0,Subject3,Vexing
14,25.0,Subject3,Vexing
14,46.0,Subject3,Vexing
14,692.0,Subject3,Vexing
14,225.0,Subject3,Vexing
14,164.0,Subject3,Vexing
15,558.0,Subject3,Vexing
15,0.0,Subject3,Vexing
15,0.0,Subject3,Vexing
15,503.0,Subject3,Vexing
15,667.0,Subject3,Vexing
15,555.0,Subject3,Vexing
15,508.0,Subject3,Vexing
15,432.0,Subject3,Vexing
15,615.0,Subject3,Vexing
15,293.0,Subject3,Vexing
15,739.0,Subject3,Vexing
15,1436.0,Subject3,Vexing
15,1004.0,Subject3,Vexing
15,544.0,Subject3,Vexing
15,429.0,Subject3,Vexing
15,487.0,Subject3,Vexing
15,387.0,Subject3,Vexing
15,338.0,Subject3,Vexing
15,403.0,Subject3,Vexing
15,601.0,Subject3,Vexing
15,930.0,Subject3,Vexing
15,1461.0,Subject3,Vexing
16,0.0,Subject3,Vexing
16,359.0,Subject3,Vexing
16,24.0,Subject3,Vexing
16,133.0,Subject3,Vexing
16,165.0,Subject3,Vexing
16,91.0,Subject3,Vexing
16,48.0,Subject3,Vexing
16,124.0,Subject3,Vexing
16,261.0,Subject3,Vexing
16,204.0,Subject3,Vexing
16,7.0,Subject3,Vexing
16,690.0,Subject3,Vexing
16,369.0,Subject3,Vexing
16,275.0,Subject3,Vexing
16,565.0,Subject3,Vexing
16,612.0,Subject3,Vexing
16,241.0,Subject3,Vexing
16,262.0,Subject3,Vexing
16,196.0,Subject3,Vexing
16,332.0,Subject3,Vexing
16,0.0,Subject3,Vexing
16,1199.0,Subject3,Vexing
1,0.0,Subject4,Calming
1,838.0,Subject4,Calming
1,374.0,Subject4,Calming
1,405.0,Subject4,Calming
1,39.0,Subject4,Calming
1,190.0,Subject4,Calming
1,272.0,Subject4,Calming
1,486.0,Subject4,Calming
1,165.0,Subject4,Calming
1,310.0,Subject4,Calming
1,443.0,Subject4,Calming
1,184.0,Subject4,Calming
1,95.0,Subject4,Calming
1,86.0,Subject4,Calming
1,92.0,Subject4,Calming
1,42.0,Subject4,Calming
1,94.0,Subject4,Calming
1,378.0,Subject4,Calming
1,162.0,Subject4,Calming
1,444.0,Subject4,Calming
1,310.0,Subject4,Calming
1,442.0,Subject4,Calming
2,0.0,Subject4,Calming
2,0.0,Subject4,Calming
2,0.0,Subject4,Calming
2,225.0,Subject4,Calming
2,377.0,Subject4,Calming
2,1182.0,Subject4,Calming
2,1073.0,Subject4,Calming
2,414.0,Subject4,Calming
2,913.0,Subject4,Calming
2,677.0,Subject4,Calming
2,691.0,Subject4,Calming
2,565.0,Subject4,Calming
2,762.0,Subject4,Calming
2,499.0,Subject4,Calming
2,271.0,Subject4,Calming
2,969.0,Subject4,Calming
2,410.0,Subject4,Calming
2,957.0,Subject4,Calming
2,266.0,Subject4,Calming
2,867.0,Subject4,Calming
2,523.0,Subject4,Calming
2,1167.0,Subject4,Calming
3,0.0,Subject4,Calming
3,0.0,Subject4,Calming
3,0.0,Subject4,Calming
3,219.0,Subject4,Calming
3,14.0,Subject4,Calming
3,827.0,Subject4,Calming
3,295.0,Subject4,Calming
3,272.0,Subject4,Calming
3,291.0,Subject4,Calming
3,970.0,Subject4,Calming
3,290.0,Subject4,Calming
3,350.0,Subject4,Calming
3,281.0,Subject4,Calming
3,446.0,Subject4,Calming
3,177.0,Subject4,Calming
3,536.0,Subject4,Calming
3,158.0,Subject4,Calming
3,353.0,Subject4,Calming
3,0.0,Subject4,Calming
3,254.0,Subject4,Calming
3,176.0,Subject4,Calming
3,1078.0,Subject4,Calming
4,0.0,Subject4,Calming
4,1484.0,Subject4,Calming
4,342.0,Subject4,Calming
4,592.0,Subject4,Calming
4,305.0,Subject4,Calming
4,963.0,Subject4,Calming
4,389.0,Subject4,Calming
4,293.0,Subject4,Calming
4,426.0,Subject4,Calming
4,281.0,Subject4,Calming
4,58.0,Subject4,Calming
4,234.0,Subject4,Calming
4,372.0,Subject4,Calming
4,89.0,Subject4,Calming
4,434.0,Subject4,Calming
4,471.0,Subject4,Calming
4,101.0,Subject4,Calming
4,95.0,Subject4,Calming
4,98.0,Subject4,Calming
4,273.0,Subject4,Calming
4,124.0,Subject4,Calming
4,431.0,Subject4,Calming
5,0.0,Subject4,Calming
5,0.0,Subject4,Calming
5,0.0,Subject4,Calming
5,754.0,Subject4,Calming
5,871.0,Subject4,Calming
5,379.0,Subject4,Calming
5,919.0,Subject4,Calming
5,0.0,Subject4,Calming
5,193.0,Subject4,Calming
5,748.0,Subject4,Calming
5,1110.0,Subject4,Calming
5,486.0,Subject4,Calming
5,795.0,Subject4,Calming
5,710.0,Subject4,Calming
5,262.0,Subject4,Calming
5,345.0,Subject4,Calming
5,426.0,Subject4,Calming
5,270.0,Subject4,Calming
5,480.0,Subject4,Calming
5,359.0,Subject4,Calming
5,204.0,Subject4,Calming
5,824.0,Subject4,Calming
6,0.0,Subject4,Calming
6,624.0,Subject4,Calming
6,388.0,Subject4,Calming
6,29.0,Subject4,Calming
6,633.0,Subject4,Calming
6,206.0,Subject4,Calming
6,304.0,Subject4,Calming
6,0.0,Subject4,Calming
6,482.0,Subject4,Calming
6,378.0,Subject4,Calming
6,476.0,Subject4,Calming
6,232.0,Subject4,Calming
6,241.0,Subject4,Calming
6,0.0,Subject4,Calming
6,0.0,Subject4,Calming
6,0.0,Subject4,Calming
6,453.0,Subject4,Calming
6,81.0,Subject4,Calming
6,361.0,Subject4,Calming
6,168.0,Subject4,Calming
6,470.0,Subject4,Calming
6,0.0,Subject4,Calming
7,0.0,Subject4,Calming
7,753.0,Subject4,Calming
7,17.0,Subject4,Calming
7,465.0,Subject4,Calming
7,156.0,Subject4,Calming
7,200.0,Subject4,Calming
7,372.0,Subject4,Calming
7,465.0,Subject4,Calming
7,448.0,Subject4,Calming
7,402.0,Subject4,Calming
7,161.0,Subject4,Calming
7,185.0,Subject4,Calming
7,33.0,Subject4,Calming
7,17.0,Subject4,Calming
7,31.0,Subject4,Calming
7,465.0,Subject4,Calming
7,452.0,Subject4,Calming
7,251.0,Subject4,Calming
7,154.0,Subject4,Calming
7,240.0,Subject4,Calming
7,447.0,Subject4,Calming
7,428.0,Subject4,Calming
8,0.0,Subject4,Calming
8,0.0,Subject4,Calming
8,0.0,Subject4,Calming
8,303.0,Subject4,Calming
8,213.0,Subject4,Calming
8,151.0,Subject4,Calming
8,431.0,Subject4,Calming
8,211.0,Subject4,Calming
8,472.0,Subject4,Calming
8,955.0,Subject4,Calming
8,202.0,Subject4,Calming
8,432.0,Subject4,Calming
8,317.0,Subject4,Calming
8,602.0,Subject4,Calming
8,295.0,Subject4,Calming
8,376.0,Subject4,Calming
8,381.0,Subject4,Calming
8,353.0,Subject4,Calming
8,236.0,Subject4,Calming
8,345.0,Subject4,Calming
8,685.0,Subject4,Calming
8,364.0,Subject4,Calming
9,0.0,Subject4,Calming
9,0.0,Subject4,Calming
9,0.0,Subject4,Calming
9,2.0,Subject4,Calming
9,109.0,Subject4,Calming
9,118.0,Subject4,Calming
9,165.0,Subject4,Calming
9,674.0,Subject4,Calming
9,1200.0,Subject4,Calming
9,458.0,Subject4,Calming
9,389.0,Subject4,Calming
9,1190.0,Subject4,Calming
9,1232.0,Subject4,Calming
9,984.0,Subject4,Calming
9,342.0,Subject4,Calming
9,255.0,Subject4,Calming
9,702.0,Subject4,Calming
9,0.0,Subject4,Calming
9,608.0,Subject4,Calming
9,372.0,Subject4,Calming
9,452.0,Subject4,Calming
9,557.0,Subject4,Calming
10,0.0,Subject4,Calming
10,29.0,Subject4,Calming
10,34.0,Subject4,Calming
10,431.0,Subject4,Calming
10,471.0,Subject4,Calming
10,367.0,Subject4,Calming
10,112.0,Subject4,Calming
10,408.0,Subject4,Calming
10,417.0,Subject4,Calming
10,438.0,Subject4,Calming
10,6.0,Subject4,Calming
10,242.0,Subject4,Calming
10,472.0,Subject4,Calming
10,453.0,Subject4,Calming
10,23.0,Subject4,Calming
10,110.0,Subject4,Calming
10,107.0,Subject4,Calming
10,134.0,Subject4,Calming
10,308.0,Subject4,Calming
10,425.0,Subject4,Calming
10,362.0,Subject4,Calming
10,304.0,Subject4,Calming
11,0.0,Subject4,Calming
11,0.0,Subject4,Calming
11,62.0,Subject4,Calming
11,459.0,Subject4,Calming
11,37.0,Subject4,Calming
11,443.0,Subject4,Calming
11,76.0,Subject4,Calming
11,4.0,Subject4,Calming
11,21.0,Subject4,Calming
11,57.0,Subject4,Calming
11,402.0,Subject4,Calming
11,191.0,Subject4,Calming
11,454.0,Subject4,Calming
11,404.0,Subject4,Calming
11,488.0,Subject4,Calming
11,372.0,Subject4,Calming
11,166.0,Subject4,Calming
11,368.0,Subject4,Calming
11,471.0,Subject4,Calming
11,146.0,Subject4,Calming
11,444.0,Subject4,Calming
11,171.0,Subject4,Calming
12,0.0,Subject4,Calming
12,0.0,Subject4,Calming
12,0.0,Subject4,Calming
12,265.0,Subject4,Calming
12,342.0,Subject4,Calming
12,209.0,Subject4,Calming
12,428.0,Subject4,Calming
12,486.0,Subject4,Calming
12,578.0,Subject4,Calming
12,567.0,Subject4,Calming
12,988.0,Subject4,Calming
12,615.0,Subject4,Calming
12,224.0,Subject4,Calming
12,330.0,Subject4,Calming
12,294.0,Subject4,Calming
12,304.0,Subject4,Calming
12,797.0,Subject4,Calming
12,179.0,Subject4,Calming
12,549.0,Subject4,Calming
12,444.0,Subject4,Calming
12,291.0,Subject4,Calming
12,242.0,Subject4,Calming
13,0.0,Subject4,Calming
13,0.0,Subject4,Calming
13,0.0,Subject4,Calming
13,457.0,Subject4,Calming
13,306.0,Subject4,Calming
13,311.0,Subject4,Calming
13,233.0,Subject4,Calming
13,249.0,Subject4,Calming
13,86.0,Subject4,Calming
13,984.0,Subject4,Calming
13,708.0,Subject4,Calming
13,354.0,Subject4,Calming
13,65.0,Subject4,Calming
13,500.0,Subject4,Calming
13,0.0,Subject4,Calming
13,454.0,Subject4,Calming
13,579.0,Subject4,Calming
13,373.0,Subject4,Calming
13,279.0,Subject4,Calming
13,5.0,Subject4,Calming
13,169.0,Subject4,Calming
13,376.0,Subject4,Calming
14,0.0,Subject4,Calming
14,0.0,Subject4,Calming
14,414.0,Subject4,Calming
14,748.0,Subject4,Calming
14,190.0,Subject4,Calming
14,202.0,Subject4,Calming
14,494.0,Subject4,Calming
14,34.0,Subject4,Calming
14,461.0,Subject4,Calming
14,380.0,Subject4,Calming
14,447.0,Subject4,Calming
14,0.0,Subject4,Calming
14,420.0,Subject4,Calming
14,168.0,Subject4,Calming
14,494.0,Subject4,Calming
14,318.0,Subject4,Calming
14,198.0,Subject4,Calming
14,307.0,Subject4,Calming
14,622.0,Subject4,Calming
14,463.0,Subject4,Calming
14,366.0,Subject4,Calming
14,225.0,Subject4,Calming
15,0.0,Subject4,Calming
15,0.0,Subject4,Calming
15,0.0,Subject4,Calming
15,110.0,Subject4,Calming
15,26.0,Subject4,Calming
15,227.0,Subject4,Calming
15,369.0,Subject4,Calming
15,287.0,Subject4,Calming
15,697.0,Subject4,Calming
15,874.0,Subject4,Calming
15,1111.0,Subject4,Calming
15,539.0,Subject4,Calming
15,542.0,Subject4,Calming
15,458.0,Subject4,Calming
15,1205.0,Subject4,Calming
15,562.0,Subject4,Calming
15,275.0,Subject4,Calming
15,279.0,Subject4,Calming
15,203.0,Subject4,Calming
15,408.0,Subject4,Calming
15,195.0,Subject4,Calming
15,370.0,Subject4,Calming
16,0.0,Subject4,Calming
16,100.0,Subject4,Calming
16,0.0,Subject4,Calming
16,36.0,Subject4,Calming
16,403.0,Subject4,Calming
16,226.0,Subject4,Calming
16,401.0,Subject4,Calming
16,478.0,Subject4,Calming
16,457.0,Subject4,Calming
16,428.0,Subject4,Calming
16,32.0,Subject4,Calming
16,23.0,Subject4,Calming
16,236.0,Subject4,Calming
16,404.0,Subject4,Calming
16,446.0,Subject4,Calming
16,475.0,Subject4,Calming
16,370.0,Subject4,Calming
16,432.0,Subject4,Calming
16,414.0,Subject4,Calming
16,384.0,Subject4,Calming
16,377.0,Subject4,Calming
16,459.0,Subject4,Calming
1,0.0,Subject4,Vexing
1,750.0,Subject4,Vexing
1,431.0,Subject4,Vexing
1,416.0,Subject4,Vexing
1,356.0,Subject4,Vexing
1,447.0,Subject4,Vexing
1,471.0,Subject4,Vexing
1,356.0,Subject4,Vexing
1,69.0,Subject4,Vexing
1,491.0,Subject4,Vexing
1,460.0,Subject4,Vexing
1,30.0,Subject4,Vexing
1,447.0,Subject4,Vexing
1,314.0,Subject4,Vexing
1,387.0,Subject4,Vexing
1,97.0,Subject4,Vexing
1,430.0,Subject4,Vexing
1,105.0,Subject4,Vexing
1,253.0,Subject4,Vexing
1,381.0,Subject4,Vexing
1,72.0,Subject4,Vexing
1,404.0,Subject4,Vexing
2,0.0,Subject4,Vexing
2,0.0,Subject4,Vexing
2,0.0,Subject4,Vexing
2,498.0,Subject4,Vexing
2,273.0,Subject4,Vexing
2,1225.0,Subject4,Vexing
2,393.0,Subject4,Vexing
2,167.0,Subject4,Vexing
2,423.0,Subject4,Vexing
2,444.0,Subject4,Vexing
2,22.0,Subject4,Vexing
2,277.0,Subject4,Vexing
2,397.0,Subject4,Vexing
2,199.0,Subject4,Vexing
2,799.0,Subject4,Vexing
2,264.0,Subject4,Vexing
2,1250.0,Subject4,Vexing
2,0.0,Subject4,Vexing
2,277.0,Subject4,Vexing
2,202.0,Subject4,Vexing
2,473.0,Subject4,Vexing
2,343.0,Subject4,Vexing
3,0.0,Subject4,Vexing
3,161.0,Subject4,Vexing
3,143.0,Subject4,Vexing
3,387.0,Subject4,Vexing
3,39.0,Subject4,Vexing
3,394.0,Subject4,Vexing
3,370.0,Subject4,Vexing
3,0.0,Subject4,Vexing
3,109.0,Subject4,Vexing
3,420.0,Subject4,Vexing
3,379.0,Subject4,Vexing
3,4.0,Subject4,Vexing
3,430.0,Subject4,Vexing
3,380.0,Subject4,Vexing
3,458.0,Subject4,Vexing
3,378.0,Subject4,Vexing
3,498.0,Subject4,Vexing
3,377.0,Subject4,Vexing
3,471.0,Subject4,Vexing
3,666.0,Subject4,Vexing
3,26.0,Subject4,Vexing
3,87.0,Subject4,Vexing
4,0.0,Subject4,Vexing
4,0.0,Subject4,Vexing
4,0.0,Subject4,Vexing
4,0.0,Subject4,Vexing
4,30.0,Subject4,Vexing
4,157.0,Subject4,Vexing
4,340.0,Subject4,Vexing
4,502.0,Subject4,Vexing
4,171.0,Subject4,Vexing
4,90.0,Subject4,Vexing
4,429.0,Subject4,Vexing
4,357.0,Subject4,Vexing
4,201.0,Subject4,Vexing
4,132.0,Subject4,Vexing
4,77.0,Subject4,Vexing
4,681.0,Subject4,Vexing
4,125.0,Subject4,Vexing
4,202.0,Subject4,Vexing
4,83.0,Subject4,Vexing
4,228.0,Subject4,Vexing
4,180.0,Subject4,Vexing
4,94.0,Subject4,Vexing
5,0.0,Subject4,Vexing
5,445.0,Subject4,Vexing
5,394.0,Subject4,Vexing
5,305.0,Subject4,Vexing
5,440.0,Subject4,Vexing
5,359.0,Subject4,Vexing
5,0.0,Subject4,Vexing
5,344.0,Subject4,Vexing
5,451.0,Subject4,Vexing
5,436.0,Subject4,Vexing
5,145.0,Subject4,Vexing
5,296.0,Subject4,Vexing
5,348.0,Subject4,Vexing
5,0.0,Subject4,Vexing
5,146.0,Subject4,Vexing
5,411.0,Subject4,Vexing
5,68.0,Subject4,Vexing
5,387.0,Subject4,Vexing
5,462.0,Subject4,Vexing
5,364.0,Subject4,Vexing
5,333.0,Subject4,Vexing
5,0.0,Subject4,Vexing
6,0.0,Subject4,Vexing
6,0.0,Subject4,Vexing
6,0.0,Subject4,Vexing
6,172.0,Subject4,Vexing
6,238.0,Subject4,Vexing
6,476.0,Subject4,Vexing
6,606.0,Subject4,Vexing
6,231.0,Subject4,Vexing
6,215.0,Subject4,Vexing
6,235.0,Subject4,Vexing
6,88.0,Subject4,Vexing
6,290.0,Subject4,Vexing
6,405.0,Subject4,Vexing
6,113.0,Subject4,Vexing
6,194.0,Subject4,Vexing
6,1327.0,Subject4,Vexing
6,0.0,Subject4,Vexing
6,46.0,Subject4,Vexing
6,82.0,Subject4,Vexing
6,101.0,Subject4,Vexing
6,858.0,Subject4,Vexing
6,304.0,Subject4,Vexing
7,0.0,Subject4,Vexing
7,165.0,Subject4,Vexing
7,438.0,Subject4,Vexing
7,0.0,Subject4,Vexing
7,0.0,Subject4,Vexing
7,364.0,Subject4,Vexing
7,462.0,Subject4,Vexing
7,367.0,Subject4,Vexing
7,240.0,Subject4,Vexing
7,0.0,Subject4,Vexing
7,474.0,Subject4,Vexing
7,23.0,Subject4,Vexing
7,249.0,Subject4,Vexing
7,454.0,Subject4,Vexing
7,0.0,Subject4,Vexing
7,110.0,Subject4,Vexing
7,5.0,Subject4,Vexing
7,406.0,Subject4,Vexing
7,487.0,Subject4,Vexing
7,0.0,Subject4,Vexing
7,431.0,Subject4,Vexing
7,256.0,Subject4,Vexing
8,0.0,Subject4,Vexing
8,0.0,Subject4,Vexing
8,0.0,Subject4,Vexing
8,39.0,Subject4,Vexing
8,418.0,Subject4,Vexing
8,333.0,Subject4,Vexing
8,508.0,Subject4,Vexing
8,169.0,Subject4,Vexing
8,626.0,Subject4,Vexing
8,209.0,Subject4,Vexing
8,138.0,Subject4,Vexing
8,265.0,Subject4,Vexing
8,121.0,Subject4,Vexing
8,727.0,Subject4,Vexing
8,479.0,Subject4,Vexing
8,235.0,Subject4,Vexing
8,909.0,Subject4,Vexing
8,425.0,Subject4,Vexing
8,497.0,Subject4,Vexing
8,439.0,Subject4,Vexing
8,0.0,Subject4,Vexing
8,238.0,Subject4,Vexing
9,0.0,Subject4,Vexing
9,464.0,Subject4,Vexing
9,60.0,Subject4,Vexing
9,396.0,Subject4,Vexing
9,449.0,Subject4,Vexing
9,424.0,Subject4,Vexing
9,405.0,Subject4,Vexing
9,486.0,Subject4,Vexing
9,384.0,Subject4,Vexing
9,353.0,Subject4,Vexing
9,64.0,Subject4,Vexing
9,0.0,Subject4,Vexing
9,385.0,Subject4,Vexing
9,395.0,Subject4,Vexing
9,346.0,Subject4,Vexing
9,483.0,Subject4,Vexing
9,0.0,Subject4,Vexing
9,0.0,Subject4,Vexing
9,480.0,Subject4,Vexing
9,28.0,Subject4,Vexing
9,386.0,Subject4,Vexing
9,427.0,Subject4,Vexing
10,0.0,Subject4,Vexing
10,0.0,Subject4,Vexing
10,0.0,Subject4,Vexing
10,457.0,Subject4,Vexing
10,0.0,Subject4,Vexing
10,350.0,Subject4,Vexing
10,128.0,Subject4,Vexing
10,110.0,Subject4,Vexing
10,1061.0,Subject4,Vexing
10,523.0,Subject4,Vexing
10,404.0,Subject4,Vexing
10,48.0,Subject4,Vexing
10,392.0,Subject4,Vexing
10,918.0,Subject4,Vexing
10,290.0,Subject4,Vexing
10,752.0,Subject4,Vexing
10,126.0,Subject4,Vexing
10,482.0,Subject4,Vexing
10,282.0,Subject4,Vexing
10,503.0,Subject4,Vexing
10,321.0,Subject4,Vexing
10,489.0,Subject4,Vexing
11,0.0,Subject4,Vexing
11,0.0,Subject4,Vexing
11,0.0,Subject4,Vexing
11,10.0,Subject4,Vexing
11,251.0,Subject4,Vexing
11,32.0,Subject4,Vexing
11,431.0,Subject4,Vexing
11,1144.0,Subject4,Vexing
11,105.0,Subject4,Vexing
11,259.0,Subject4,Vexing
11,1159.0,Subject4,Vexing
11,713.0,Subject4,Vexing
11,479.0,Subject4,Vexing
11,153.0,Subject4,Vexing
11,390.0,Subject4,Vexing
11,317.0,Subject4,Vexing
11,331.0,Subject4,Vexing
11,363.0,Subject4,Vexing
11,480.0,Subject4,Vexing
11,32.0,Subject4,Vexing
11,243.0,Subject4,Vexing
11,206.0,Subject4,Vexing
12,0.0,Subject4,Vexing
12,76.0,Subject4,Vexing
12,480.0,Subject4,Vexing
12,302.0,Subject4,Vexing
12,295.0,Subject4,Vexing
12,6.0,Subject4,Vexing
12,348.0,Subject4,Vexing
12,372.0,Subject4,Vexing
12,356.0,Subject4,Vexing
12,292.0,Subject4,Vexing
12,53.0,Subject4,Vexing
12,475.0,Subject4,Vexing
12,385.0,Subject4,Vexing
12,403.0,Subject4,Vexing
12,2.0,Subject4,Vexing
12,332.0,Subject4,Vexing
12,433.0,Subject4,Vexing
12,236.0,Subject4,Vexing
12,21.0,Subject4,Vexing
12,494.0,Subject4,Vexing
12,82.0,Subject4,Vexing
12,40.0,Subject4,Vexing
13,0.0,Subject4,Vexing
13,0.0,Subject4,Vexing
13,0.0,Subject4,Vexing
13,485.0,Subject4,Vexing
13,177.0,Subject4,Vexing
13,761.0,Subject4,Vexing
13,382.0,Subject4,Vexing
13,596.0,Subject4,Vexing
13,367.0,Subject4,Vexing
13,221.0,Subject4,Vexing
13,0.0,Subject4,Vexing
13,151.0,Subject4,Vexing
13,433.0,Subject4,Vexing
13,315.0,Subject4,Vexing
13,51.0,Subject4,Vexing
13,650.0,Subject4,Vexing
13,806.0,Subject4,Vexing
13,36.0,Subject4,Vexing
13,312.0,Subject4,Vexing
13,225.0,Subject4,Vexing
13,564.0,Subject4,Vexing
13,61.0,Subject4,Vexing
14,0.0,Subject4,Vexing
14,461.0,Subject4,Vexing
14,187.0,Subject4,Vexing
14,15.0,Subject4,Vexing
14,365.0,Subject4,Vexing
14,412.0,Subject4,Vexing
14,349.0,Subject4,Vexing
14,445.0,Subject4,Vexing
14,291.0,Subject4,Vexing
14,355.0,Subject4,Vexing
14,429.0,Subject4,Vexing
14,89.0,Subject4,Vexing
14,0.0,Subject4,Vexing
14,149.0,Subject4,Vexing
14,417.0,Subject4,Vexing
14,369.0,Subject4,Vexing
14,168.0,Subject4,Vexing
14,344.0,Subject4,Vexing
14,470.0,Subject4,Vexing
14,178.0,Subject4,Vexing
14,33.0,Subject4,Vexing
14,0.0,Subject4,Vexing
15,0.0,Subject4,Vexing
15,0.0,Subject4,Vexing
15,0.0,Subject4,Vexing
15,0.0,Subject4,Vexing
15,45.0,Subject4,Vexing
15,179.0,Subject4,Vexing
15,0.0,Subject4,Vexing
15,150.0,Subject4,Vexing
15,129.0,Subject4,Vexing
15,780.0,Subject4,Vexing
15,192.0,Subject4,Vexing
15,425.0,Subject4,Vexing
15,149.0,Subject4,Vexing
15,85.0,Subject4,Vexing
15,683.0,Subject4,Vexing
15,1090.0,Subject4,Vexing
15,299.0,Subject4,Vexing
15,422.0,Subject4,Vexing
15,237.0,Subject4,Vexing
15,330.0,Subject4,Vexing
15,326.0,Subject4,Vexing
15,310.0,Subject4,Vexing
16,0.0,Subject4,Vexing
16,141.0,Subject4,Vexing
16,209.0,Subject4,Vexing
16,279.0,Subject4,Vexing
16,408.0,Subject4,Vexing
16,331.0,Subject4,Vexing
16,455.0,Subject4,Vexing
16,376.0,Subject4,Vexing
16,316.0,Subject4,Vexing
16,467.0,Subject4,Vexing
16,321.0,Subject4,Vexing
16,373.0,Subject4,Vexing
16,11.0,Subject4,Vexing
16,442.0,Subject4,Vexing
16,0.0,Subject4,Vexing
16,120.0,Subject4,Vexing
16,1.0,Subject4,Vexing
16,153.0,Subject4,Vexing
16,432.0,Subject4,Vexing
16,356.0,Subject4,Vexing
16,435.0,Subject4,Vexing
16,0.0,Subject4,Vexing
1,0.0,Subject6,Calming
1,433.0,Subject6,Calming
1,395.0,Subject6,Calming
1,36.0,Subject6,Calming
1,453.0,Subject6,Calming
1,437.0,Subject6,Calming
1,24.0,Subject6,Calming
1,437.0,Subject6,Calming
1,109.0,Subject6,Calming
1,0.0,Subject6,Calming
1,304.0,Subject6,Calming
1,0.0,Subject6,Calming
1,444.0,Subject6,Calming
1,328.0,Subject6,Calming
1,437.0,Subject6,Calming
1,446.0,Subject6,Calming
1,453.0,Subject6,Calming
1,455.0,Subject6,Calming
1,357.0,Subject6,Calming
1,379.0,Subject6,Calming
1,360.0,Subject6,Calming
1,227.0,Subject6,Calming
2,0.0,Subject6,Calming
2,0.0,Subject6,Calming
2,0.0,Subject6,Calming
2,267.0,Subject6,Calming
2,495.0,Subject6,Calming
2,284.0,Subject6,Calming
2,329.0,Subject6,Calming
2,14.0,Subject6,Calming
2,406.0,Subject6,Calming
2,0.0,Subject6,Calming
2,254.0,Subject6,Calming
2,0.0,Subject6,Calming
2,426.0,Subject6,Calming
2,193.0,Subject6,Calming
2,460.0,Subject6,Calming
2,288.0,Subject6,Calming
2,0.0,Subject6,Calming
2,230.0,Subject6,Calming
2,488.0,Subject6,Calming
2,338.0,Subject6,Calming
2,319.0,Subject6,Calming
2,31.0,Subject6,Calming
3,0.0,Subject6,Calming
3,0.0,Subject6,Calming
3,0.0,Subject6,Calming
3,415.0,Subject6,Calming
3,187.0,Subject6,Calming
3,52.0,Subject6,Calming
3,218.0,Subject6,Calming
3,0.0,Subject6,Calming
3,15.0,Subject6,Calming
3,370.0,Subject6,Calming
3,462.0,Subject6,Calming
3,0.0,Subject6,Calming
3,419.0,Subject6,Calming
3,160.0,Subject6,Calming
3,112.0,Subject6,Calming
3,112.0,Subject6,Calming
3,345.0,Subject6,Calming
3,44.0,Subject6,Calming
3,190.0,Subject6,Calming
3,431.0,Subject6,Calming
3,391.0,Subject6,Calming
3,328.0,Subject6,Calming
4,0.0,Subject6,Calming
4,297.0,Subject6,Calming
4,268.0,Subject6,Calming
4,159.0,Subject6,Calming
4,193.0,Subject6,Calming
4,176.0,Subject6,Calming
4,168.0,Subject6,Calming
4,363.0,Subject6,Calming
4,272.0,Subject6,Calming
4,298.0,Subject6,Calming
4,430.0,Subject6,Calming
4,211.0,Subject6,Calming
4,368.0,Subject6,Calming
4,314.0,Subject6,Calming
4,444.0,Subject6,Calming
4,313.0,Subject6,Calming
4,302.0,Subject6,Calming
4,220.0,Subject6,Calming
4,346.0,Subject6,Calming
4,250.0,Subject6,Calming
4,309.0,Subject6,Calming
4,317.0,Subject6,Calming
5,0.0,Subject6,Calming
5,0.0,Subject6,Calming
5,0.0,Subject6,Calming
5,323.0,Subject6,Calming
5,444.0,Subject6,Calming
5,336.0,Subject6,Calming
5,488.0,Subject6,Calming
5,426.0,Subject6,Calming
5,150.0,Subject6,Calming
5,11.0,Subject6,Calming
5,412.0,Subject6,Calming
5,447.0,Subject6,Calming
5,493.0,Subject6,Calming
5,375.0,Subject6,Calming
5,346.0,Subject6,Calming
5,348.0,Subject6,Calming
5,406.0,Subject6,Calming
5,67.0,Subject6,Calming
5,478.0,Subject6,Calming
5,451.0,Subject6,Calming
5,214.0,Subject6,Calming
5,211.0,Subject6,Calming
6,0.0,Subject6,Calming
6,295.0,Subject6,Calming
6,352.0,Subject6,Calming
6,209.0,Subject6,Calming
6,223.0,Subject6,Calming
6,433.0,Subject6,Calming
6,227.0,Subject6,Calming
6,352.0,Subject6,Calming
6,233.0,Subject6,Calming
6,266.0,Subject6,Calming
6,321.0,Subject6,Calming
6,198.0,Subject6,Calming
6,257.0,Subject6,Calming
6,301.0,Subject6,Calming
6,356.0,Subject6,Calming
6,302.0,Subject6,Calming
6,210.0,Subject6,Calming
6,412.0,Subject6,Calming
6,225.0,Subject6,Calming
6,248.0,Subject6,Calming
6,158.0,Subject6,Calming
6,265.0,Subject6,Calming
7,0.0,Subject6,Calming
7,293.0,Subject6,Calming
7,238.0,Subject6,Calming
7,340.0,Subject6,Calming
7,264.0,Subject6,Calming
7,244.0,Subject6,Calming
7,211.0,Subject6,Calming
7,83.0,Subject6,Calming
7,159.0,Subject6,Calming
7,0.0,Subject6,Calming
7,459.0,Subject6,Calming
7,362.0,Subject6,Calming
7,382.0,Subject6,Calming
7,366.0,Subject6,Calming
7,375.0,Subject6,Calming
7,401.0,Subject6,Calming
7,299.0,Subject6,Calming
7,479.0,Subject6,Calming
7,330.0,Subject6,Calming
7,216.0,Subject6,Calming
7,236.0,Subject6,Calming
7,243.0,Subject6,Calming
8,0.0,Subject6,Calming
8,0.0,Subject6,Calming
8,0.0,Subject6,Calming
8,297.0,Subject6,Calming
8,365.0,Subject6,Calming
8,0.0,Subject6,Calming
8,0.0,Subject6,Calming
8,412.0,Subject6,Calming
8,400.0,Subject6,Calming
8,652.0,Subject6,Calming
8,470.0,Subject6,Calming
8,328.0,Subject6,Calming
8,0.0,Subject6,Calming
8,0.0,Subject6,Calming
8,224.0,Subject6,Calming
8,361.0,Subject6,Calming
8,5.0,Subject6,Calming
8,433.0,Subject6,Calming
8,115.0,Subject6,Calming
8,82.0,Subject6,Calming
8,7.0,Subject6,Calming
8,171.0,Subject6,Calming
9,0.0,Subject6,Calming
9,0.0,Subject6,Calming
9,0.0,Subject6,Calming
9,379.0,Subject6,Calming
9,289.0,Subject6,Calming
9,313.0,Subject6,Calming
9,476.0,Subject6,Calming
9,412.0,Subject6,Calming
9,33.0,Subject6,Calming
9,415.0,Subject6,Calming
9,371.0,Subject6,Calming
9,486.0,Subject6,Calming
9,489.0,Subject6,Calming
9,419.0,Subject6,Calming
9,0.0,Subject6,Calming
9,0.0,Subject6,Calming
9,201.0,Subject6,Calming
9,227.0,Subject6,Calming
9,425.0,Subject6,Calming
9,24.0,Subject6,Calming
9,213.0,Subject6,Calming
9,314.0,Subject6,Calming
10,0.0,Subject6,Calming
10,0.0,Subject6,Calming
10,0.0,Subject6,Calming
10,346.0,Subject6,Calming
10,237.0,Subject6,Calming
10,455.0,Subject6,Calming
10,348.0,Subject6,Calming
10,273.0,Subject6,Calming
10,286.0,Subject6,Calming
10,30.0,Subject6,Calming
10,422.0,Subject6,Calming
10,391.0,Subject6,Calming
10,374.0,Subject6,Calming
10,374.0,Subject6,Calming
10,308.0,Subject6,Calming
10,368.0,Subject6,Calming
10,338.0,Subject6,Calming
10,300.0,Subject6,Calming
10,452.0,Subject6,Calming
10,45.0,Subject6,Calming
10,291.0,Subject6,Calming
10,385.0,Subject6,Calming
11,0.0,Subject6,Calming
11,0.0,Subject6,Calming
11,314.0,Subject6,Calming
11,192.0,Subject6,Calming
11,285.0,Subject6,Calming
11,271.0,Subject6,Calming
11,363.0,Subject6,Calming
11,177.0,Subject6,Calming
11,441.0,Subject6,Calming
11,305.0,Subject6,Calming
11,448.0,Subject6,Calming
11,225.0,Subject6,Calming
11,257.0,Subject6,Calming
11,322.0,Subject6,Calming
11,434.0,Subject6,Calming
11,267.0,Subject6,Calming
11,266.0,Subject6,Calming
11,244.0,Subject6,Calming
11,188.0,Subject6,Calming
11,195.0,Subject6,Calming
11,285.0,Subject6,Calming
11,196.0,Subject6,Calming
12,0.0,Subject6,Calming
12,0.0,Subject6,Calming
12,0.0,Subject6,Calming
12,250.0,Subject6,Calming
12,0.0,Subject6,Calming
12,291.0,Subject6,Calming
12,279.0,Subject6,Calming
12,143.0,Subject6,Calming
12,466.0,Subject6,Calming
12,17.0,Subject6,Calming
12,86.0,Subject6,Calming
12,214.0,Subject6,Calming
12,456.0,Subject6,Calming
12,323.0,Subject6,Calming
12,341.0,Subject6,Calming
12,0.0,Subject6,Calming
12,469.0,Subject6,Calming
12,0.0,Subject6,Calming
12,33.0,Subject6,Calming
12,170.0,Subject6,Calming
12,82.0,Subject6,Calming
12,118.0,Subject6,Calming
13,0.0,Subject6,Calming
13,0.0,Subject6,Calming
13,0.0,Subject6,Calming
13,16.0,Subject6,Calming
13,458.0,Subject6,Calming
13,0.0,Subject6,Calming
13,201.0,Subject6,Calming
13,14.0,Subject6,Calming
13,451.0,Subject6,Calming
13,0.0,Subject6,Calming
13,371.0,Subject6,Calming
13,269.0,Subject6,Calming
13,0.0,Subject6,Calming
13,436.0,Subject6,Calming
13,0.0,Subject6,Calming
13,344.0,Subject6,Calming
13,384.0,Subject6,Calming
13,0.0,Subject6,Calming
13,97.0,Subject6,Calming
13,466.0,Subject6,Calming
13,0.0,Subject6,Calming
13,56.0,Subject6,Calming
14,0.0,Subject6,Calming
14,345.0,Subject6,Calming
14,253.0,Subject6,Calming
14,257.0,Subject6,Calming
14,267.0,Subject6,Calming
14,439.0,Subject6,Calming
14,315.0,Subject6,Calming
14,343.0,Subject6,Calming
14,338.0,Subject6,Calming
14,304.0,Subject6,Calming
14,385.0,Subject6,Calming
14,350.0,Subject6,Calming
14,317.0,Subject6,Calming
14,71.0,Subject6,Calming
14,371.0,Subject6,Calming
14,356.0,Subject6,Calming
14,362.0,Subject6,Calming
14,311.0,Subject6,Calming
14,334.0,Subject6,Calming
14,368.0,Subject6,Calming
14,367.0,Subject6,Calming
14,382.0,Subject6,Calming
15,0.0,Subject6,Calming
15,0.0,Subject6,Calming
15,0.0,Subject6,Calming
15,144.0,Subject6,Calming
15,198.0,Subject6,Calming
15,355.0,Subject6,Calming
15,309.0,Subject6,Calming
15,247.0,Subject6,Calming
15,322.0,Subject6,Calming
15,11.0,Subject6,Calming
15,374.0,Subject6,Calming
15,419.0,Subject6,Calming
15,319.0,Subject6,Calming
15,367.0,Subject6,Calming
15,224.0,Subject6,Calming
15,226.0,Subject6,Calming
15,55.0,Subject6,Calming
15,455.0,Subject6,Calming
15,471.0,Subject6,Calming
15,20.0,Subject6,Calming
15,341.0,Subject6,Calming
15,403.0,Subject6,Calming
16,0.0,Subject6,Calming
16,365.0,Subject6,Calming
16,239.0,Subject6,Calming
16,311.0,Subject6,Calming
16,235.0,Subject6,Calming
16,251.0,Subject6,Calming
16,321.0,Subject6,Calming
16,309.0,Subject6,Calming
16,349.0,Subject6,Calming
16,378.0,Subject6,Calming
16,417.0,Subject6,Calming
16,149.0,Subject6,Calming
16,231.0,Subject6,Calming
16,241.0,Subject6,Calming
16,274.0,Subject6,Calming
16,230.0,Subject6,Calming
16,258.0,Subject6,Calming
16,0.0,Subject6,Calming
16,321.0,Subject6,Calming
16,228.0,Subject6,Calming
16,191.0,Subject6,Calming
16,189.0,Subject6,Calming
1,0.0,Subject6,Vexing
1,257.0,Subject6,Vexing
1,236.0,Subject6,Vexing
1,353.0,Subject6,Vexing
1,331.0,Subject6,Vexing
1,314.0,Subject6,Vexing
1,185.0,Subject6,Vexing
1,243.0,Subject6,Vexing
1,184.0,Subject6,Vexing
1,329.0,Subject6,Vexing
1,230.0,Subject6,Vexing
1,366.0,Subject6,Vexing
1,323.0,Subject6,Vexing
1,274.0,Subject6,Vexing
1,326.0,Subject6,Vexing
1,231.0,Subject6,Vexing
1,325.0,Subject6,Vexing
1,289.0,Subject6,Vexing
1,273.0,Subject6,Vexing
1,295.0,Subject6,Vexing
1,366.0,Subject6,Vexing
1,296.0,Subject6,Vexing
2,0.0,Subject6,Vexing
2,0.0,Subject6,Vexing
2,0.0,Subject6,Vexing
2,322.0,Subject6,Vexing
2,396.0,Subject6,Vexing
2,59.0,Subject6,Vexing
2,81.0,Subject6,Vexing
2,390.0,Subject6,Vexing
2,300.0,Subject6,Vexing
2,76.0,Subject6,Vexing
2,331.0,Subject6,Vexing
2,304.0,Subject6,Vexing
2,0.0,Subject6,Vexing
2,271.0,Subject6,Vexing
2,157.0,Subject6,Vexing
2,345.0,Subject6,Vexing
2,368.0,Subject6,Vexing
2,425.0,Subject6,Vexing
2,13.0,Subject6,Vexing
2,14.0,Subject6,Vexing
2,286.0,Subject6,Vexing
2,319.0,Subject6,Vexing
3,0.0,Subject6,Vexing
3,0.0,Subject6,Vexing
3,208.0,Subject6,Vexing
3,352.0,Subject6,Vexing
3,330.0,Subject6,Vexing
3,241.0,Subject6,Vexing
3,276.0,Subject6,Vexing
3,338.0,Subject6,Vexing
3,213.0,Subject6,Vexing
3,290.0,Subject6,Vexing
3,261.0,Subject6,Vexing
3,301.0,Subject6,Vexing
3,256.0,Subject6,Vexing
3,269.0,Subject6,Vexing
3,220.0,Subject6,Vexing
3,323.0,Subject6,Vexing
3,333.0,Subject6,Vexing
3,206.0,Subject6,Vexing
3,328.0,Subject6,Vexing
3,344.0,Subject6,Vexing
3,388.0,Subject6,Vexing
3,256.0,Subject6,Vexing
4,0.0,Subject6,Vexing
4,0.0,Subject6,Vexing
4,0.0,Subject6,Vexing
4,301.0,Subject6,Vexing
4,342.0,Subject6,Vexing
4,343.0,Subject6,Vexing
4,300.0,Subject6,Vexing
4,400.0,Subject6,Vexing
4,466.0,Subject6,Vexing
4,111.0,Subject6,Vexing
4,97.0,Subject6,Vexing
4,0.0,Subject6,Vexing
4,0.0,Subject6,Vexing
4,0.0,Subject6,Vexing
4,0.0,Subject6,Vexing
4,354.0,Subject6,Vexing
4,441.0,Subject6,Vexing
4,327.0,Subject6,Vexing
4,259.0,Subject6,Vexing
4,438.0,Subject6,Vexing
4,0.0,Subject6,Vexing
4,367.0,Subject6,Vexing
5,472.0,Subject6,Vexing
5,322.0,Subject6,Vexing
5,359.0,Subject6,Vexing
5,403.0,Subject6,Vexing
5,280.0,Subject6,Vexing
5,311.0,Subject6,Vexing
5,280.0,Subject6,Vexing
5,325.0,Subject6,Vexing
5,411.0,Subject6,Vexing
5,347.0,Subject6,Vexing
5,353.0,Subject6,Vexing
5,290.0,Subject6,Vexing
5,271.0,Subject6,Vexing
5,256.0,Subject6,Vexing
5,306.0,Subject6,Vexing
5,63.0,Subject6,Vexing
5,358.0,Subject6,Vexing
5,250.0,Subject6,Vexing
5,21.0,Subject6,Vexing
5,264.0,Subject6,Vexing
5,265.0,Subject6,Vexing
5,227.0,Subject6,Vexing
6,0.0,Subject6,Vexing
6,0.0,Subject6,Vexing
6,0.0,Subject6,Vexing
6,1032.0,Subject6,Vexing
6,122.0,Subject6,Vexing
6,183.0,Subject6,Vexing
6,170.0,Subject6,Vexing
6,350.0,Subject6,Vexing
6,0.0,Subject6,Vexing
6,0.0,Subject6,Vexing
6,368.0,Subject6,Vexing
6,368.0,Subject6,Vexing
6,419.0,Subject6,Vexing
6,0.0,Subject6,Vexing
6,430.0,Subject6,Vexing
6,499.0,Subject6,Vexing
6,185.0,Subject6,Vexing
6,361.0,Subject6,Vexing
6,217.0,Subject6,Vexing
6,455.0,Subject6,Vexing
6,941.0,Subject6,Vexing
6,476.0,Subject6,Vexing
7,0.0,Subject6,Vexing
7,311.0,Subject6,Vexing
7,350.0,Subject6,Vexing
7,240.0,Subject6,Vexing
7,199.0,Subject6,Vexing
7,218.0,Subject6,Vexing
7,203.0,Subject6,Vexing
7,168.0,Subject6,Vexing
7,224.0,Subject6,Vexing
7,380.0,Subject6,Vexing
7,300.0,Subject6,Vexing
7,257.0,Subject6,Vexing
7,403.0,Subject6,Vexing
7,211.0,Subject6,Vexing
7,414.0,Subject6,Vexing
7,304.0,Subject6,Vexing
7,242.0,Subject6,Vexing
7,211.0,Subject6,Vexing
7,386.0,Subject6,Vexing
7,179.0,Subject6,Vexing
7,136.0,Subject6,Vexing
7,420.0,Subject6,Vexing
8,0.0,Subject6,Vexing
8,0.0,Subject6,Vexing
8,0.0,Subject6,Vexing
8,308.0,Subject6,Vexing
8,303.0,Subject6,Vexing
8,348.0,Subject6,Vexing
8,357.0,Subject6,Vexing
8,368.0,Subject6,Vexing
8,309.0,Subject6,Vexing
8,344.0,Subject6,Vexing
8,243.0,Subject6,Vexing
8,325.0,Subject6,Vexing
8,12.0,Subject6,Vexing
8,467.0,Subject6,Vexing
8,389.0,Subject6,Vexing
8,457.0,Subject6,Vexing
8,351.0,Subject6,Vexing
8,435.0,Subject6,Vexing
8,344.0,Subject6,Vexing
8,0.0,Subject6,Vexing
8,116.0,Subject6,Vexing
8,428.0,Subject6,Vexing
9,0.0,Subject6,Vexing
9,281.0,Subject6,Vexing
9,432.0,Subject6,Vexing
9,287.0,Subject6,Vexing
9,258.0,Subject6,Vexing
9,390.0,Subject6,Vexing
9,251.0,Subject6,Vexing
9,228.0,Subject6,Vexing
9,335.0,Subject6,Vexing
9,283.0,Subject6,Vexing
9,56.0,Subject6,Vexing
9,317.0,Subject6,Vexing
9,252.0,Subject6,Vexing
9,226.0,Subject6,Vexing
9,90.0,Subject6,Vexing
9,351.0,Subject6,Vexing
9,227.0,Subject6,Vexing
9,297.0,Subject6,Vexing
9,252.0,Subject6,Vexing
9,326.0,Subject6,Vexing
9,202.0,Subject6,Vexing
9,202.0,Subject6,Vexing
10,0.0,Subject6,Vexing
10,0.0,Subject6,Vexing
10,0.0,Subject6,Vexing
10,335.0,Subject6,Vexing
10,282.0,Subject6,Vexing
10,360.0,Subject6,Vexing
10,341.0,Subject6,Vexing
10,355.0,Subject6,Vexing
10,311.0,Subject6,Vexing
10,344.0,Subject6,Vexing
10,338.0,Subject6,Vexing
10,360.0,Subject6,Vexing
10,367.0,Subject6,Vexing
10,340.0,Subject6,Vexing
10,421.0,Subject6,Vexing
10,312.0,Subject6,Vexing
10,0.0,Subject6,Vexing
10,437.0,Subject6,Vexing
10,9.0,Subject6,Vexing
10,405.0,Subject6,Vexing
10,117.0,Subject6,Vexing
10,0.0,Subject6,Vexing
11,0.0,Subject6,Vexing
11,0.0,Subject6,Vexing
11,0.0,Subject6,Vexing
11,334.0,Subject6,Vexing
11,0.0,Subject6,Vexing
11,469.0,Subject6,Vexing
11,312.0,Subject6,Vexing
11,300.0,Subject6,Vexing
11,303.0,Subject6,Vexing
11,384.0,Subject6,Vexing
11,34.0,Subject6,Vexing
11,164.0,Subject6,Vexing
11,36.0,Subject6,Vexing
11,27.0,Subject6,Vexing
11,425.0,Subject6,Vexing
11,15.0,Subject6,Vexing
11,355.0,Subject6,Vexing
11,486.0,Subject6,Vexing
11,535.0,Subject6,Vexing
11,435.0,Subject6,Vexing
11,0.0,Subject6,Vexing
11,317.0,Subject6,Vexing
12,0.0,Subject6,Vexing
12,414.0,Subject6,Vexing
12,315.0,Subject6,Vexing
12,193.0,Subject6,Vexing
12,252.0,Subject6,Vexing
12,295.0,Subject6,Vexing
12,218.0,Subject6,Vexing
12,380.0,Subject6,Vexing
12,263.0,Subject6,Vexing
12,247.0,Subject6,Vexing
12,380.0,Subject6,Vexing
12,281.0,Subject6,Vexing
12,322.0,Subject6,Vexing
12,274.0,Subject6,Vexing
12,207.0,Subject6,Vexing
12,261.0,Subject6,Vexing
12,242.0,Subject6,Vexing
12,367.0,Subject6,Vexing
12,325.0,Subject6,Vexing
12,311.0,Subject6,Vexing
12,462.0,Subject6,Vexing
12,286.0,Subject6,Vexing
13,0.0,Subject6,Vexing
13,0.0,Subject6,Vexing
13,0.0,Subject6,Vexing
13,306.0,Subject6,Vexing
13,258.0,Subject6,Vexing
13,260.0,Subject6,Vexing
13,388.0,Subject6,Vexing
13,272.0,Subject6,Vexing
13,363.0,Subject6,Vexing
13,328.0,Subject6,Vexing
13,296.0,Subject6,Vexing
13,338.0,Subject6,Vexing
13,339.0,Subject6,Vexing
13,353.0,Subject6,Vexing
13,405.0,Subject6,Vexing
13,342.0,Subject6,Vexing
13,305.0,Subject6,Vexing
13,393.0,Subject6,Vexing
13,329.0,Subject6,Vexing
13,441.0,Subject6,Vexing
13,158.0,Subject6,Vexing
13,425.0,Subject6,Vexing
14,0.0,Subject6,Vexing
14,14.0,Subject6,Vexing
14,376.0,Subject6,Vexing
14,277.0,Subject6,Vexing
14,243.0,Subject6,Vexing
14,230.0,Subject6,Vexing
14,326.0,Subject6,Vexing
14,237.0,Subject6,Vexing
14,278.0,Subject6,Vexing
14,191.0,Subject6,Vexing
14,337.0,Subject6,Vexing
14,240.0,Subject6,Vexing
14,233.0,Subject6,Vexing
14,222.0,Subject6,Vexing
14,260.0,Subject6,Vexing
14,237.0,Subject6,Vexing
14,343.0,Subject6,Vexing
14,351.0,Subject6,Vexing
14,335.0,Subject6,Vexing
14,260.0,Subject6,Vexing
14,272.0,Subject6,Vexing
14,201.0,Subject6,Vexing
15,0.0,Subject6,Vexing
15,0.0,Subject6,Vexing
15,0.0,Subject6,Vexing
15,254.0,Subject6,Vexing
15,247.0,Subject6,Vexing
15,296.0,Subject6,Vexing
15,265.0,Subject6,Vexing
15,178.0,Subject6,Vexing
15,396.0,Subject6,Vexing
15,304.0,Subject6,Vexing
15,494.0,Subject6,Vexing
15,0.0,Subject6,Vexing
15,125.0,Subject6,Vexing
15,0.0,Subject6,Vexing
15,274.0,Subject6,Vexing
15,127.0,Subject6,Vexing
15,293.0,Subject6,Vexing
15,462.0,Subject6,Vexing
15,327.0,Subject6,Vexing
15,384.0,Subject6,Vexing
15,303.0,Subject6,Vexing
15,490.0,Subject6,Vexing
16,0.0,Subject6,Vexing
16,0.0,Subject6,Vexing
16,260.0,Subject6,Vexing
16,136.0,Subject6,Vexing
16,218.0,Subject6,Vexing
16,235.0,Subject6,Vexing
16,349.0,Subject6,Vexing
16,279.0,Subject6,Vexing
16,257.0,Subject6,Vexing
16,287.0,Subject6,Vexing
16,183.0,Subject6,Vexing
16,349.0,Subject6,Vexing
16,216.0,Subject6,Vexing
16,200.0,Subject6,Vexing
16,376.0,Subject6,Vexing
16,182.0,Subject6,Vexing
16,205.0,Subject6,Vexing
16,226.0,Subject6,Vexing
16,160.0,Subject6,Vexing
16,181.0,Subject6,Vexing
16,79.0,Subject6,Vexing
16,257.0,Subject6,Vexing
1,0.0,Subject8,Calming
1,0.0,Subject8,Calming
1,1143.0,Subject8,Calming
1,143.0,Subject8,Calming
1,110.0,Subject8,Calming
1,1464.0,Subject8,Calming
1,1133.0,Subject8,Calming
1,897.0,Subject8,Calming
1,456.0,Subject8,Calming
1,97.0,Subject8,Calming
1,82.0,Subject8,Calming
1,415.0,Subject8,Calming
1,383.0,Subject8,Calming
1,415.0,Subject8,Calming
1,69.0,Subject8,Calming
1,166.0,Subject8,Calming
1,589.0,Subject8,Calming
1,812.0,Subject8,Calming
1,1013.0,Subject8,Calming
1,780.0,Subject8,Calming
1,569.0,Subject8,Calming
1,399.0,Subject8,Calming
2,0.0,Subject8,Calming
2,0.0,Subject8,Calming
2,0.0,Subject8,Calming
2,109.0,Subject8,Calming
2,0.0,Subject8,Calming
2,524.0,Subject8,Calming
2,1264.0,Subject8,Calming
2,1165.0,Subject8,Calming
2,558.0,Subject8,Calming
2,866.0,Subject8,Calming
2,453.0,Subject8,Calming
2,942.0,Subject8,Calming
2,1287.0,Subject8,Calming
2,890.0,Subject8,Calming
2,0.0,Subject8,Calming
2,56.0,Subject8,Calming
2,672.0,Subject8,Calming
2,484.0,Subject8,Calming
2,0.0,Subject8,Calming
2,130.0,Subject8,Calming
2,329.0,Subject8,Calming
2,0.0,Subject8,Calming
3,0.0,Subject8,Calming
3,0.0,Subject8,Calming
3,0.0,Subject8,Calming
3,522.0,Subject8,Calming
3,825.0,Subject8,Calming
3,1047.0,Subject8,Calming
3,1297.0,Subject8,Calming
3,777.0,Subject8,Calming
3,1218.0,Subject8,Calming
3,1362.0,Subject8,Calming
3,666.0,Subject8,Calming
3,483.0,Subject8,Calming
3,768.0,Subject8,Calming
3,488.0,Subject8,Calming
3,0.0,Subject8,Calming
3,96.0,Subject8,Calming
3,79.0,Subject8,Calming
3,438.0,Subject8,Calming
3,334.0,Subject8,Calming
3,547.0,Subject8,Calming
3,652.0,Subject8,Calming
3,1003.0,Subject8,Calming
4,0.0,Subject8,Calming
4,342.0,Subject8,Calming
4,343.0,Subject8,Calming
4,117.0,Subject8,Calming
4,460.0,Subject8,Calming
4,484.0,Subject8,Calming
4,435.0,Subject8,Calming
4,127.0,Subject8,Calming
4,9.0,Subject8,Calming
4,244.0,Subject8,Calming
4,454.0,Subject8,Calming
4,396.0,Subject8,Calming
4,249.0,Subject8,Calming
4,318.0,Subject8,Calming
4,0.0,Subject8,Calming
4,0.0,Subject8,Calming
4,0.0,Subject8,Calming
4,244.0,Subject8,Calming
4,179.0,Subject8,Calming
4,496.0,Subject8,Calming
4,820.0,Subject8,Calming
4,402.0,Subject8,Calming
5,0.0,Subject8,Calming
5,0.0,Subject8,Calming
5,0.0,Subject8,Calming
5,205.0,Subject8,Calming
5,384.0,Subject8,Calming
5,371.0,Subject8,Calming
5,256.0,Subject8,Calming
5,364.0,Subject8,Calming
5,951.0,Subject8,Calming
5,461.0,Subject8,Calming
5,1021.0,Subject8,Calming
5,0.0,Subject8,Calming
5,288.0,Subject8,Calming
5,162.0,Subject8,Calming
5,1053.0,Subject8,Calming
5,441.0,Subject8,Calming
5,233.0,Subject8,Calming
5,1100.0,Subject8,Calming
5,0.0,Subject8,Calming
5,115.0,Subject8,Calming
5,204.0,Subject8,Calming
5,77.0,Subject8,Calming
6,0.0,Subject8,Calming
6,84.0,Subject8,Calming
6,194.0,Subject8,Calming
6,90.0,Subject8,Calming
6,348.0,Subject8,Calming
6,292.0,Subject8,Calming
6,172.0,Subject8,Calming
6,77.0,Subject8,Calming
6,765.0,Subject8,Calming
6,309.0,Subject8,Calming
6,248.0,Subject8,Calming
6,363.0,Subject8,Calming
6,1117.0,Subject8,Calming
6,0.0,Subject8,Calming
6,879.0,Subject8,Calming
6,427.0,Subject8,Calming
6,244.0,Subject8,Calming
6,142.0,Subject8,Calming
6,578.0,Subject8,Calming
6,275.0,Subject8,Calming
6,461.0,Subject8,Calming
6,567.0,Subject8,Calming
7,0.0,Subject8,Calming
7,638.0,Subject8,Calming
7,281.0,Subject8,Calming
7,619.0,Subject8,Calming
7,808.0,Subject8,Calming
7,227.0,Subject8,Calming
7,294.0,Subject8,Calming
7,210.0,Subject8,Calming
7,77.0,Subject8,Calming
7,623.0,Subject8,Calming
7,352.0,Subject8,Calming
7,189.0,Subject8,Calming
7,884.0,Subject8,Calming
7,452.0,Subject8,Calming
7,298.0,Subject8,Calming
7,311.0,Subject8,Calming
7,225.0,Subject8,Calming
7,99.0,Subject8,Calming
7,474.0,Subject8,Calming
7,841.0,Subject8,Calming
7,509.0,Subject8,Calming
7,268.0,Subject8,Calming
8,0.0,Subject8,Calming
8,0.0,Subject8,Calming
8,0.0,Subject8,Calming
8,257.0,Subject8,Calming
8,774.0,Subject8,Calming
8,353.0,Subject8,Calming
8,591.0,Subject8,Calming
8,390.0,Subject8,Calming
8,1062.0,Subject8,Calming
8,1269.0,Subject8,Calming
8,671.0,Subject8,Calming
8,354.0,Subject8,Calming
8,950.0,Subject8,Calming
8,1013.0,Subject8,Calming
8,711.0,Subject8,Calming
8,800.0,Subject8,Calming
8,1325.0,Subject8,Calming
8,280.0,Subject8,Calming
8,400.0,Subject8,Calming
8,13.0,Subject8,Calming
8,506.0,Subject8,Calming
8,1019.0,Subject8,Calming
9,0.0,Subject8,Calming
9,0.0,Subject8,Calming
9,0.0,Subject8,Calming
9,590.0,Subject8,Calming
9,374.0,Subject8,Calming
9,551.0,Subject8,Calming
9,453.0,Subject8,Calming
9,291.0,Subject8,Calming
9,80.0,Subject8,Calming
9,560.0,Subject8,Calming
9,439.0,Subject8,Calming
9,929.0,Subject8,Calming
9,0.0,Subject8,Calming
9,676.0,Subject8,Calming
9,387.0,Subject8,Calming
9,789.0,Subject8,Calming
9,513.0,Subject8,Calming
9,568.0,Subject8,Calming
9,485.0,Subject8,Calming
9,1317.0,Subject8,Calming
9,0.0,Subject8,Calming
9,347.0,Subject8,Calming
10,0.0,Subject8,Calming
10,198.0,Subject8,Calming
10,191.0,Subject8,Calming
10,171.0,Subject8,Calming
10,126.0,Subject8,Calming
10,523.0,Subject8,Calming
10,363.0,Subject8,Calming
10,317.0,Subject8,Calming
10,558.0,Subject8,Calming
10,335.0,Subject8,Calming
10,281.0,Subject8,Calming
10,193.0,Subject8,Calming
10,355.0,Subject8,Calming
10,286.0,Subject8,Calming
10,334.0,Subject8,Calming
10,116.0,Subject8,Calming
10,371.0,Subject8,Calming
10,642.0,Subject8,Calming
10,775.0,Subject8,Calming
10,614.0,Subject8,Calming
10,427.0,Subject8,Calming
10,137.0,Subject8,Calming
11,0.0,Subject8,Calming
11,276.0,Subject8,Calming
11,252.0,Subject8,Calming
11,236.0,Subject8,Calming
11,299.0,Subject8,Calming
11,423.0,Subject8,Calming
11,488.0,Subject8,Calming
11,431.0,Subject8,Calming
11,302.0,Subject8,Calming
11,274.0,Subject8,Calming
11,180.0,Subject8,Calming
11,344.0,Subject8,Calming
11,705.0,Subject8,Calming
11,874.0,Subject8,Calming
11,1206.0,Subject8,Calming
11,734.0,Subject8,Calming
11,197.0,Subject8,Calming
11,171.0,Subject8,Calming
11,50.0,Subject8,Calming
11,757.0,Subject8,Calming
11,183.0,Subject8,Calming
11,1013.0,Subject8,Calming
12,0.0,Subject8,Calming
12,0.0,Subject8,Calming
12,0.0,Subject8,Calming
12,208.0,Subject8,Calming
12,0.0,Subject8,Calming
12,176.0,Subject8,Calming
12,962.0,Subject8,Calming
12,0.0,Subject8,Calming
12,67.0,Subject8,Calming
12,367.0,Subject8,Calming
12,167.0,Subject8,Calming
12,282.0,Subject8,Calming
12,135.0,Subject8,Calming
12,643.0,Subject8,Calming
12,772.0,Subject8,Calming
12,234.0,Subject8,Calming
12,478.0,Subject8,Calming
12,334.0,Subject8,Calming
12,306.0,Subject8,Calming
12,464.0,Subject8,Calming
12,731.0,Subject8,Calming
12,917.0,Subject8,Calming
13,0.0,Subject8,Calming
13,0.0,Subject8,Calming
13,0.0,Subject8,Calming
13,370.0,Subject8,Calming
13,632.0,Subject8,Calming
13,425.0,Subject8,Calming
13,375.0,Subject8,Calming
13,322.0,Subject8,Calming
13,673.0,Subject8,Calming
13,1089.0,Subject8,Calming
13,443.0,Subject8,Calming
13,817.0,Subject8,Calming
13,310.0,Subject8,Calming
13,428.0,Subject8,Calming
13,588.0,Subject8,Calming
13,482.0,Subject8,Calming
13,1314.0,Subject8,Calming
13,706.0,Subject8,Calming
13,374.0,Subject8,Calming
13,651.0,Subject8,Calming
13,243.0,Subject8,Calming
13,513.0,Subject8,Calming
14,0.0,Subject8,Calming
14,486.0,Subject8,Calming
14,37.0,Subject8,Calming
14,268.0,Subject8,Calming
14,190.0,Subject8,Calming
14,353.0,Subject8,Calming
14,75.0,Subject8,Calming
14,366.0,Subject8,Calming
14,246.0,Subject8,Calming
14,249.0,Subject8,Calming
14,333.0,Subject8,Calming
14,447.0,Subject8,Calming
14,286.0,Subject8,Calming
14,299.0,Subject8,Calming
14,318.0,Subject8,Calming
14,320.0,Subject8,Calming
14,281.0,Subject8,Calming
14,950.0,Subject8,Calming
14,0.0,Subject8,Calming
14,975.0,Subject8,Calming
14,461.0,Subject8,Calming
14,169.0,Subject8,Calming
15,0.0,Subject8,Calming
15,0.0,Subject8,Calming
15,0.0,Subject8,Calming
15,167.0,Subject8,Calming
15,161.0,Subject8,Calming
15,326.0,Subject8,Calming
15,199.0,Subject8,Calming
15,1270.0,Subject8,Calming
15,0.0,Subject8,Calming
15,216.0,Subject8,Calming
15,0.0,Subject8,Calming
15,334.0,Subject8,Calming
15,97.0,Subject8,Calming
15,310.0,Subject8,Calming
15,398.0,Subject8,Calming
15,376.0,Subject8,Calming
15,274.0,Subject8,Calming
15,347.0,Subject8,Calming
15,725.0,Subject8,Calming
15,305.0,Subject8,Calming
15,336.0,Subject8,Calming
15,1313.0,Subject8,Calming
16,0.0,Subject8,Calming
16,103.0,Subject8,Calming
16,38.0,Subject8,Calming
16,16.0,Subject8,Calming
16,499.0,Subject8,Calming
16,398.0,Subject8,Calming
16,41.0,Subject8,Calming
16,149.0,Subject8,Calming
16,451.0,Subject8,Calming
16,128.0,Subject8,Calming
16,91.0,Subject8,Calming
16,90.0,Subject8,Calming
16,16.0,Subject8,Calming
16,492.0,Subject8,Calming
16,53.0,Subject8,Calming
16,20.0,Subject8,Calming
16,288.0,Subject8,Calming
16,244.0,Subject8,Calming
16,219.0,Subject8,Calming
16,204.0,Subject8,Calming
16,161.0,Subject8,Calming
16,208.0,Subject8,Calming
1,0.0,Subject8,Vexing
1,263.0,Subject8,Vexing
1,12.0,Subject8,Vexing
1,53.0,Subject8,Vexing
1,353.0,Subject8,Vexing
1,1050.0,Subject8,Vexing
1,279.0,Subject8,Vexing
1,43.0,Subject8,Vexing
1,200.0,Subject8,Vexing
1,212.0,Subject8,Vexing
1,279.0,Subject8,Vexing
1,180.0,Subject8,Vexing
1,224.0,Subject8,Vexing
1,108.0,Subject8,Vexing
1,496.0,Subject8,Vexing
1,13.0,Subject8,Vexing
1,176.0,Subject8,Vexing
1,351.0,Subject8,Vexing
1,260.0,Subject8,Vexing
1,286.0,Subject8,Vexing
1,489.0,Subject8,Vexing
1,399.0,Subject8,Vexing
2,0.0,Subject8,Vexing
2,0.0,Subject8,Vexing
2,0.0,Subject8,Vexing
2,246.0,Subject8,Vexing
2,150.0,Subject8,Vexing
2,396.0,Subject8,Vexing
2,248.0,Subject8,Vexing
2,301.0,Subject8,Vexing
2,353.0,Subject8,Vexing
2,190.0,Subject8,Vexing
2,155.0,Subject8,Vexing
2,199.0,Subject8,Vexing
2,539.0,Subject8,Vexing
2,1145.0,Subject8,Vexing
2,270.0,Subject8,Vexing
2,221.0,Subject8,Vexing
2,378.0,Subject8,Vexing
2,331.0,Subject8,Vexing
2,598.0,Subject8,Vexing
2,858.0,Subject8,Vexing
2,189.0,Subject8,Vexing
2,494.0,Subject8,Vexing
3,0.0,Subject8,Vexing
3,433.0,Subject8,Vexing
3,0.0,Subject8,Vexing
3,106.0,Subject8,Vexing
3,321.0,Subject8,Vexing
3,312.0,Subject8,Vexing
3,305.0,Subject8,Vexing
3,199.0,Subject8,Vexing
3,215.0,Subject8,Vexing
3,33.0,Subject8,Vexing
3,211.0,Subject8,Vexing
3,623.0,Subject8,Vexing
3,536.0,Subject8,Vexing
3,143.0,Subject8,Vexing
3,35.0,Subject8,Vexing
3,51.0,Subject8,Vexing
3,484.0,Subject8,Vexing
3,303.0,Subject8,Vexing
3,814.0,Subject8,Vexing
3,693.0,Subject8,Vexing
3,413.0,Subject8,Vexing
3,68.0,Subject8,Vexing
4,0.0,Subject8,Vexing
4,0.0,Subject8,Vexing
4,0.0,Subject8,Vexing
4,0.0,Subject8,Vexing
4,493.0,Subject8,Vexing
4,460.0,Subject8,Vexing
4,768.0,Subject8,Vexing
4,725.0,Subject8,Vexing
4,777.0,Subject8,Vexing
4,289.0,Subject8,Vexing
4,463.0,Subject8,Vexing
4,241.0,Subject8,Vexing
4,269.0,Subject8,Vexing
4,268.0,Subject8,Vexing
4,238.0,Subject8,Vexing
4,299.0,Subject8,Vexing
4,261.0,Subject8,Vexing
4,261.0,Subject8,Vexing
4,217.0,Subject8,Vexing
4,1426.0,Subject8,Vexing
4,806.0,Subject8,Vexing
4,438.0,Subject8,Vexing
5,0.0,Subject8,Vexing
5,92.0,Subject8,Vexing
5,257.0,Subject8,Vexing
5,88.0,Subject8,Vexing
5,259.0,Subject8,Vexing
5,147.0,Subject8,Vexing
5,0.0,Subject8,Vexing
5,74.0,Subject8,Vexing
5,241.0,Subject8,Vexing
5,250.0,Subject8,Vexing
5,353.0,Subject8,Vexing
5,449.0,Subject8,Vexing
5,203.0,Subject8,Vexing
5,246.0,Subject8,Vexing
5,247.0,Subject8,Vexing
5,437.0,Subject8,Vexing
5,243.0,Subject8,Vexing
5,246.0,Subject8,Vexing
5,374.0,Subject8,Vexing
5,606.0,Subject8,Vexing
5,173.0,Subject8,Vexing
5,317.0,Subject8,Vexing
6,0.0,Subject8,Vexing
6,0.0,Subject8,Vexing
6,0.0,Subject8,Vexing
6,538.0,Subject8,Vexing
6,707.0,Subject8,Vexing
6,215.0,Subject8,Vexing
6,1060.0,Subject8,Vexing
6,375.0,Subject8,Vexing
6,357.0,Subject8,Vexing
6,885.0,Subject8,Vexing
6,288.0,Subject8,Vexing
6,435.0,Subject8,Vexing
6,531.0,Subject8,Vexing
6,810.0,Subject8,Vexing
6,465.0,Subject8,Vexing
6,930.0,Subject8,Vexing
6,539.0,Subject8,Vexing
6,626.0,Subject8,Vexing
6,995.0,Subject8,Vexing
6,691.0,Subject8,Vexing
6,520.0,Subject8,Vexing
6,448.0,Subject8,Vexing
7,0.0,Subject8,Vexing
7,64.0,Subject8,Vexing
7,186.0,Subject8,Vexing
7,52.0,Subject8,Vexing
7,481.0,Subject8,Vexing
7,3.0,Subject8,Vexing
7,112.0,Subject8,Vexing
7,135.0,Subject8,Vexing
7,629.0,Subject8,Vexing
7,286.0,Subject8,Vexing
7,219.0,Subject8,Vexing
7,39.0,Subject8,Vexing
7,260.0,Subject8,Vexing
7,713.0,Subject8,Vexing
7,267.0,Subject8,Vexing
7,222.0,Subject8,Vexing
7,268.0,Subject8,Vexing
7,339.0,Subject8,Vexing
7,0.0,Subject8,Vexing
7,252.0,Subject8,Vexing
7,232.0,Subject8,Vexing
7,267.0,Subject8,Vexing
8,0.0,Subject8,Vexing
8,0.0,Subject8,Vexing
8,0.0,Subject8,Vexing
8,179.0,Subject8,Vexing
8,0.0,Subject8,Vexing
8,90.0,Subject8,Vexing
8,785.0,Subject8,Vexing
8,214.0,Subject8,Vexing
8,607.0,Subject8,Vexing
8,713.0,Subject8,Vexing
8,713.0,Subject8,Vexing
8,343.0,Subject8,Vexing
8,1111.0,Subject8,Vexing
8,296.0,Subject8,Vexing
8,285.0,Subject8,Vexing
8,258.0,Subject8,Vexing
8,813.0,Subject8,Vexing
8,1298.0,Subject8,Vexing
8,330.0,Subject8,Vexing
8,179.0,Subject8,Vexing
8,371.0,Subject8,Vexing
8,364.0,Subject8,Vexing
9,0.0,Subject8,Vexing
9,212.0,Subject8,Vexing
9,338.0,Subject8,Vexing
9,436.0,Subject8,Vexing
9,4.0,Subject8,Vexing
9,214.0,Subject8,Vexing
9,392.0,Subject8,Vexing
9,270.0,Subject8,Vexing
9,286.0,Subject8,Vexing
9,220.0,Subject8,Vexing
9,235.0,Subject8,Vexing
9,305.0,Subject8,Vexing
9,496.0,Subject8,Vexing
9,133.0,Subject8,Vexing
9,273.0,Subject8,Vexing
9,212.0,Subject8,Vexing
9,402.0,Subject8,Vexing
9,425.0,Subject8,Vexing
9,317.0,Subject8,Vexing
9,205.0,Subject8,Vexing
9,345.0,Subject8,Vexing
9,250.0,Subject8,Vexing
10,0.0,Subject8,Vexing
10,0.0,Subject8,Vexing
10,0.0,Subject8,Vexing
10,68.0,Subject8,Vexing
10,308.0,Subject8,Vexing
10,613.0,Subject8,Vexing
10,1130.0,Subject8,Vexing
10,649.0,Subject8,Vexing
10,377.0,Subject8,Vexing
10,285.0,Subject8,Vexing
10,431.0,Subject8,Vexing
10,218.0,Subject8,Vexing
10,1265.0,Subject8,Vexing
10,986.0,Subject8,Vexing
10,435.0,Subject8,Vexing
10,318.0,Subject8,Vexing
10,459.0,Subject8,Vexing
10,214.0,Subject8,Vexing
10,475.0,Subject8,Vexing
10,151.0,Subject8,Vexing
10,222.0,Subject8,Vexing
10,223.0,Subject8,Vexing
11,0.0,Subject8,Vexing
11,0.0,Subject8,Vexing
11,0.0,Subject8,Vexing
11,155.0,Subject8,Vexing
11,404.0,Subject8,Vexing
11,700.0,Subject8,Vexing
11,188.0,Subject8,Vexing
11,207.0,Subject8,Vexing
11,830.0,Subject8,Vexing
11,1039.0,Subject8,Vexing
11,534.0,Subject8,Vexing
11,268.0,Subject8,Vexing
11,283.0,Subject8,Vexing
11,346.0,Subject8,Vexing
11,410.0,Subject8,Vexing
11,124.0,Subject8,Vexing
11,421.0,Subject8,Vexing
11,240.0,Subject8,Vexing
11,659.0,Subject8,Vexing
11,576.0,Subject8,Vexing
11,551.0,Subject8,Vexing
11,204.0,Subject8,Vexing
12,0.0,Subject8,Vexing
12,409.0,Subject8,Vexing
12,470.0,Subject8,Vexing
12,102.0,Subject8,Vexing
12,256.0,Subject8,Vexing
12,207.0,Subject8,Vexing
12,216.0,Subject8,Vexing
12,116.0,Subject8,Vexing
12,132.0,Subject8,Vexing
12,928.0,Subject8,Vexing
12,375.0,Subject8,Vexing
12,286.0,Subject8,Vexing
12,161.0,Subject8,Vexing
12,193.0,Subject8,Vexing
12,218.0,Subject8,Vexing
12,428.0,Subject8,Vexing
12,291.0,Subject8,Vexing
12,527.0,Subject8,Vexing
12,744.0,Subject8,Vexing
12,388.0,Subject8,Vexing
12,371.0,Subject8,Vexing
12,237.0,Subject8,Vexing
13,0.0,Subject8,Vexing
13,0.0,Subject8,Vexing
13,0.0,Subject8,Vexing
13,319.0,Subject8,Vexing
13,589.0,Subject8,Vexing
13,107.0,Subject8,Vexing
13,437.0,Subject8,Vexing
13,276.0,Subject8,Vexing
13,188.0,Subject8,Vexing
13,307.0,Subject8,Vexing
13,454.0,Subject8,Vexing
13,336.0,Subject8,Vexing
13,488.0,Subject8,Vexing
13,1039.0,Subject8,Vexing
13,412.0,Subject8,Vexing
13,313.0,Subject8,Vexing
13,341.0,Subject8,Vexing
13,389.0,Subject8,Vexing
13,140.0,Subject8,Vexing
13,133.0,Subject8,Vexing
13,260.0,Subject8,Vexing
13,529.0,Subject8,Vexing
14,0.0,Subject8,Vexing
14,11.0,Subject8,Vexing
14,300.0,Subject8,Vexing
14,67.0,Subject8,Vexing
14,215.0,Subject8,Vexing
14,122.0,Subject8,Vexing
14,128.0,Subject8,Vexing
14,65.0,Subject8,Vexing
14,134.0,Subject8,Vexing
14,46.0,Subject8,Vexing
14,163.0,Subject8,Vexing
14,279.0,Subject8,Vexing
14,359.0,Subject8,Vexing
14,421.0,Subject8,Vexing
14,90.0,Subject8,Vexing
14,111.0,Subject8,Vexing
14,542.0,Subject8,Vexing
14,470.0,Subject8,Vexing
14,303.0,Subject8,Vexing
14,239.0,Subject8,Vexing
14,316.0,Subject8,Vexing
14,242.0,Subject8,Vexing
15,0.0,Subject8,Vexing
15,0.0,Subject8,Vexing
15,0.0,Subject8,Vexing
15,221.0,Subject8,Vexing
15,84.0,Subject8,Vexing
15,499.0,Subject8,Vexing
15,277.0,Subject8,Vexing
15,507.0,Subject8,Vexing
15,365.0,Subject8,Vexing
15,484.0,Subject8,Vexing
15,316.0,Subject8,Vexing
15,14.0,Subject8,Vexing
15,629.0,Subject8,Vexing
15,690.0,Subject8,Vexing
15,914.0,Subject8,Vexing
15,434.0,Subject8,Vexing
15,461.0,Subject8,Vexing
15,948.0,Subject8,Vexing
15,365.0,Subject8,Vexing
15,0.0,Subject8,Vexing
15,35.0,Subject8,Vexing
15,285.0,Subject8,Vexing
16,0.0,Subject8,Vexing
16,96.0,Subject8,Vexing
16,238.0,Subject8,Vexing
16,484.0,Subject8,Vexing
16,195.0,Subject8,Vexing
16,233.0,Subject8,Vexing
16,268.0,Subject8,Vexing
16,186.0,Subject8,Vexing
16,243.0,Subject8,Vexing
16,37.0,Subject8,Vexing
16,59.0,Subject8,Vexing
16,208.0,Subject8,Vexing
16,527.0,Subject8,Vexing
16,300.0,Subject8,Vexing
16,336.0,Subject8,Vexing
16,27.0,Subject8,Vexing
16,190.0,Subject8,Vexing
16,61.0,Subject8,Vexing
16,134.0,Subject8,Vexing
16,316.0,Subject8,Vexing
16,291.0,Subject8,Vexing
16,747.0,Subject8,Vexing
1,0.0,Subject11,Calming
1,487.0,Subject11,Calming
1,222.0,Subject11,Calming
1,189.0,Subject11,Calming
1,74.0,Subject11,Calming
1,417.0,Subject11,Calming
1,464.0,Subject11,Calming
1,0.0,Subject11,Calming
1,785.0,Subject11,Calming
1,477.0,Subject11,Calming
1,358.0,Subject11,Calming
1,302.0,Subject11,Calming
1,138.0,Subject11,Calming
1,427.0,Subject11,Calming
1,343.0,Subject11,Calming
1,697.0,Subject11,Calming
1,666.0,Subject11,Calming
1,763.0,Subject11,Calming
1,166.0,Subject11,Calming
1,116.0,Subject11,Calming
1,35.0,Subject11,Calming
1,5.0,Subject11,Calming
2,0.0,Subject11,Calming
2,0.0,Subject11,Calming
2,0.0,Subject11,Calming
2,171.0,Subject11,Calming
2,235.0,Subject11,Calming
2,338.0,Subject11,Calming
2,0.0,Subject11,Calming
2,678.0,Subject11,Calming
2,576.0,Subject11,Calming
2,529.0,Subject11,Calming
2,0.0,Subject11,Calming
2,904.0,Subject11,Calming
2,699.0,Subject11,Calming
2,475.0,Subject11,Calming
2,0.0,Subject11,Calming
2,484.0,Subject11,Calming
2,575.0,Subject11,Calming
2,1033.0,Subject11,Calming
2,543.0,Subject11,Calming
2,1413.0,Subject11,Calming
2,0.0,Subject11,Calming
2,833.0,Subject11,Calming
3,0.0,Subject11,Calming
3,0.0,Subject11,Calming
3,0.0,Subject11,Calming
3,1288.0,Subject11,Calming
3,593.0,Subject11,Calming
3,4.0,Subject11,Calming
3,0.0,Subject11,Calming
3,0.0,Subject11,Calming
3,0.0,Subject11,Calming
3,536.0,Subject11,Calming
3,361.0,Subject11,Calming
3,229.0,Subject11,Calming
3,0.0,Subject11,Calming
3,0.0,Subject11,Calming
3,0.0,Subject11,Calming
3,382.0,Subject11,Calming
3,1087.0,Subject11,Calming
3,733.0,Subject11,Calming
3,0.0,Subject11,Calming
3,0.0,Subject11,Calming
3,0.0,Subject11,Calming
3,326.0,Subject11,Calming
4,0.0,Subject11,Calming
4,383.0,Subject11,Calming
4,0.0,Subject11,Calming
4,366.0,Subject11,Calming
4,688.0,Subject11,Calming
4,28.0,Subject11,Calming
4,372.0,Subject11,Calming
4,193.0,Subject11,Calming
4,240.0,Subject11,Calming
4,582.0,Subject11,Calming
4,111.0,Subject11,Calming
4,393.0,Subject11,Calming
4,78.0,Subject11,Calming
4,144.0,Subject11,Calming
4,288.0,Subject11,Calming
4,223.0,Subject11,Calming
4,286.0,Subject11,Calming
4,377.0,Subject11,Calming
4,36.0,Subject11,Calming
4,449.0,Subject11,Calming
4,526.0,Subject11,Calming
4,164.0,Subject11,Calming
5,0.0,Subject11,Calming
5,0.0,Subject11,Calming
5,0.0,Subject11,Calming
5,464.0,Subject11,Calming
5,863.0,Subject11,Calming
5,200.0,Subject11,Calming
5,426.0,Subject11,Calming
5,169.0,Subject11,Calming
5,1379.0,Subject11,Calming
5,890.0,Subject11,Calming
5,631.0,Subject11,Calming
5,0.0,Subject11,Calming
5,323.0,Subject11,Calming
5,358.0,Subject11,Calming
5,381.0,Subject11,Calming
5,0.0,Subject11,Calming
5,763.0,Subject11,Calming
5,531.0,Subject11,Calming
5,706.0,Subject11,Calming
5,411.0,Subject11,Calming
5,500.0,Subject11,Calming
5,955.0,Subject11,Calming
6,0.0,Subject11,Calming
6,492.0,Subject11,Calming
6,41.0,Subject11,Calming
6,30.0,Subject11,Calming
6,231.0,Subject11,Calming
6,495.0,Subject11,Calming
6,585.0,Subject11,Calming
6,47.0,Subject11,Calming
6,308.0,Subject11,Calming
6,377.0,Subject11,Calming
6,439.0,Subject11,Calming
6,190.0,Subject11,Calming
6,71.0,Subject11,Calming
6,36.0,Subject11,Calming
6,0.0,Subject11,Calming
6,15.0,Subject11,Calming
6,403.0,Subject11,Calming
6,256.0,Subject11,Calming
6,1350.0,Subject11,Calming
6,360.0,Subject11,Calming
6,291.0,Subject11,Calming
6,113.0,Subject11,Calming
7,0.0,Subject11,Calming
7,406.0,Subject11,Calming
7,376.0,Subject11,Calming
7,308.0,Subject11,Calming
7,155.0,Subject11,Calming
7,738.0,Subject11,Calming
7,50.0,Subject11,Calming
7,0.0,Subject11,Calming
7,0.0,Subject11,Calming
7,41.0,Subject11,Calming
7,160.0,Subject11,Calming
7,35.0,Subject11,Calming
7,0.0,Subject11,Calming
7,420.0,Subject11,Calming
7,86.0,Subject11,Calming
7,127.0,Subject11,Calming
7,0.0,Subject11,Calming
7,616.0,Subject11,Calming
7,111.0,Subject11,Calming
7,498.0,Subject11,Calming
7,251.0,Subject11,Calming
7,8.0,Subject11,Calming
8,0.0,Subject11,Calming
8,0.0,Subject11,Calming
8,0.0,Subject11,Calming
8,843.0,Subject11,Calming
8,823.0,Subject11,Calming
8,446.0,Subject11,Calming
8,1105.0,Subject11,Calming
8,0.0,Subject11,Calming
8,786.0,Subject11,Calming
8,882.0,Subject11,Calming
8,266.0,Subject11,Calming
8,1089.0,Subject11,Calming
8,1230.0,Subject11,Calming
8,0.0,Subject11,Calming
8,226.0,Subject11,Calming
8,685.0,Subject11,Calming
8,259.0,Subject11,Calming
8,325.0,Subject11,Calming
8,1075.0,Subject11,Calming
8,0.0,Subject11,Calming
8,0.0,Subject11,Calming
8,243.0,Subject11,Calming
9,0.0,Subject11,Calming
9,0.0,Subject11,Calming
9,0.0,Subject11,Calming
9,1344.0,Subject11,Calming
9,328.0,Subject11,Calming
9,444.0,Subject11,Calming
9,818.0,Subject11,Calming
9,673.0,Subject11,Calming
9,403.0,Subject11,Calming
9,279.0,Subject11,Calming
9,958.0,Subject11,Calming
9,303.0,Subject11,Calming
9,114.0,Subject11,Calming
9,165.0,Subject11,Calming
9,414.0,Subject11,Calming
9,0.0,Subject11,Calming
9,548.0,Subject11,Calming
9,731.0,Subject11,Calming
9,585.0,Subject11,Calming
9,30.0,Subject11,Calming
9,1173.0,Subject11,Calming
9,547.0,Subject11,Calming
10,0.0,Subject11,Calming
10,299.0,Subject11,Calming
10,334.0,Subject11,Calming
10,705.0,Subject11,Calming
10,67.0,Subject11,Calming
10,925.0,Subject11,Calming
10,767.0,Subject11,Calming
10,0.0,Subject11,Calming
10,0.0,Subject11,Calming
10,135.0,Subject11,Calming
10,0.0,Subject11,Calming
10,30.0,Subject11,Calming
10,720.0,Subject11,Calming
10,250.0,Subject11,Calming
10,71.0,Subject11,Calming
10,607.0,Subject11,Calming
10,0.0,Subject11,Calming
10,479.0,Subject11,Calming
10,455.0,Subject11,Calming
10,465.0,Subject11,Calming
10,210.0,Subject11,Calming
10,487.0,Subject11,Calming
11,0.0,Subject11,Calming
11,781.0,Subject11,Calming
11,89.0,Subject11,Calming
11,54.0,Subject11,Calming
11,1043.0,Subject11,Calming
11,277.0,Subject11,Calming
11,114.0,Subject11,Calming
11,491.0,Subject11,Calming
11,279.0,Subject11,Calming
11,436.0,Subject11,Calming
11,455.0,Subject11,Calming
11,895.0,Subject11,Calming
11,141.0,Subject11,Calming
11,218.0,Subject11,Calming
11,417.0,Subject11,Calming
11,574.0,Subject11,Calming
11,158.0,Subject11,Calming
11,247.0,Subject11,Calming
11,0.0,Subject11,Calming
11,55.0,Subject11,Calming
11,85.0,Subject11,Calming
11,329.0,Subject11,Calming
12,0.0,Subject11,Calming
12,0.0,Subject11,Calming
12,0.0,Subject11,Calming
12,685.0,Subject11,Calming
12,347.0,Subject11,Calming
12,107.0,Subject11,Calming
12,434.0,Subject11,Calming
12,204.0,Subject11,Calming
12,401.0,Subject11,Calming
12,296.0,Subject11,Calming
12,277.0,Subject11,Calming
12,879.0,Subject11,Calming
12,1181.0,Subject11,Calming
12,659.0,Subject11,Calming
12,83.0,Subject11,Calming
12,596.0,Subject11,Calming
12,1060.0,Subject11,Calming
12,0.0,Subject11,Calming
12,645.0,Subject11,Calming
12,1457.0,Subject11,Calming
12,476.0,Subject11,Calming
12,564.0,Subject11,Calming
13,0.0,Subject11,Calming
13,0.0,Subject11,Calming
13,0.0,Subject11,Calming
13,800.0,Subject11,Calming
13,210.0,Subject11,Calming
13,488.0,Subject11,Calming
13,420.0,Subject11,Calming
13,1019.0,Subject11,Calming
13,284.0,Subject11,Calming
13,675.0,Subject11,Calming
13,1083.0,Subject11,Calming
13,895.0,Subject11,Calming
13,1149.0,Subject11,Calming
13,658.0,Subject11,Calming
13,470.0,Subject11,Calming
13,226.0,Subject11,Calming
13,538.0,Subject11,Calming
13,38.0,Subject11,Calming
13,475.0,Subject11,Calming
13,798.0,Subject11,Calming
13,377.0,Subject11,Calming
13,242.0,Subject11,Calming
14,0.0,Subject11,Calming
14,195.0,Subject11,Calming
14,167.0,Subject11,Calming
14,285.0,Subject11,Calming
14,876.0,Subject11,Calming
14,169.0,Subject11,Calming
14,208.0,Subject11,Calming
14,125.0,Subject11,Calming
14,67.0,Subject11,Calming
14,34.0,Subject11,Calming
14,273.0,Subject11,Calming
14,615.0,Subject11,Calming
14,71.0,Subject11,Calming
14,161.0,Subject11,Calming
14,295.0,Subject11,Calming
14,70.0,Subject11,Calming
14,364.0,Subject11,Calming
14,257.0,Subject11,Calming
14,175.0,Subject11,Calming
14,0.0,Subject11,Calming
14,5.0,Subject11,Calming
14,412.0,Subject11,Calming
15,0.0,Subject11,Calming
15,0.0,Subject11,Calming
15,0.0,Subject11,Calming
15,305.0,Subject11,Calming
15,0.0,Subject11,Calming
15,48.0,Subject11,Calming
15,0.0,Subject11,Calming
15,148.0,Subject11,Calming
15,911.0,Subject11,Calming
15,404.0,Subject11,Calming
15,816.0,Subject11,Calming
15,889.0,Subject11,Calming
15,718.0,Subject11,Calming
15,775.0,Subject11,Calming
15,1147.0,Subject11,Calming
15,365.0,Subject11,Calming
15,1476.0,Subject11,Calming
15,804.0,Subject11,Calming
15,1129.0,Subject11,Calming
15,542.0,Subject11,Calming
15,407.0,Subject11,Calming
15,548.0,Subject11,Calming
16,0.0,Subject11,Calming
16,1329.0,Subject11,Calming
16,387.0,Subject11,Calming
16,218.0,Subject11,Calming
16,56.0,Subject11,Calming
16,480.0,Subject11,Calming
16,385.0,Subject11,Calming
16,231.0,Subject11,Calming
16,151.0,Subject11,Calming
16,0.0,Subject11,Calming
16,270.0,Subject11,Calming
16,161.0,Subject11,Calming
16,377.0,Subject11,Calming
16,286.0,Subject11,Calming
16,613.0,Subject11,Calming
16,282.0,Subject11,Calming
16,444.0,Subject11,Calming
16,224.0,Subject11,Calming
16,74.0,Subject11,Calming
16,219.0,Subject11,Calming
16,159.0,Subject11,Calming
16,135.0,Subject11,Calming
1,0.0,Subject11,Vexing
1,0.0,Subject11,Vexing
1,318.0,Subject11,Vexing
1,98.0,Subject11,Vexing
1,271.0,Subject11,Vexing
1,134.0,Subject11,Vexing
1,71.0,Subject11,Vexing
1,396.0,Subject11,Vexing
1,12.0,Subject11,Vexing
1,115.0,Subject11,Vexing
1,339.0,Subject11,Vexing
1,77.0,Subject11,Vexing
1,265.0,Subject11,Vexing
1,35.0,Subject11,Vexing
1,107.0,Subject11,Vexing
1,456.0,Subject11,Vexing
1,87.0,Subject11,Vexing
1,44.0,Subject11,Vexing
1,203.0,Subject11,Vexing
1,0.0,Subject11,Vexing
1,84.0,Subject11,Vexing
1,400.0,Subject11,Vexing
2,0.0,Subject11,Vexing
2,0.0,Subject11,Vexing
2,0.0,Subject11,Vexing
2,552.0,Subject11,Vexing
2,975.0,Subject11,Vexing
2,1173.0,Subject11,Vexing
2,784.0,Subject11,Vexing
2,762.0,Subject11,Vexing
2,83.0,Subject11,Vexing
2,66.0,Subject11,Vexing
2,109.0,Subject11,Vexing
2,399.0,Subject11,Vexing
2,429.0,Subject11,Vexing
2,109.0,Subject11,Vexing
2,0.0,Subject11,Vexing
2,472.0,Subject11,Vexing
2,555.0,Subject11,Vexing
2,526.0,Subject11,Vexing
2,45.0,Subject11,Vexing
2,448.0,Subject11,Vexing
2,102.0,Subject11,Vexing
2,445.0,Subject11,Vexing
3,0.0,Subject11,Vexing
3,799.0,Subject11,Vexing
3,498.0,Subject11,Vexing
3,84.0,Subject11,Vexing
3,0.0,Subject11,Vexing
3,71.0,Subject11,Vexing
3,76.0,Subject11,Vexing
3,90.0,Subject11,Vexing
3,0.0,Subject11,Vexing
3,466.0,Subject11,Vexing
3,401.0,Subject11,Vexing
3,385.0,Subject11,Vexing
3,34.0,Subject11,Vexing
3,421.0,Subject11,Vexing
3,475.0,Subject11,Vexing
3,372.0,Subject11,Vexing
3,286.0,Subject11,Vexing
3,0.0,Subject11,Vexing
3,119.0,Subject11,Vexing
3,0.0,Subject11,Vexing
3,386.0,Subject11,Vexing
3,438.0,Subject11,Vexing
4,0.0,Subject11,Vexing
4,0.0,Subject11,Vexing
4,0.0,Subject11,Vexing
4,95.0,Subject11,Vexing
4,270.0,Subject11,Vexing
4,304.0,Subject11,Vexing
4,285.0,Subject11,Vexing
4,371.0,Subject11,Vexing
4,142.0,Subject11,Vexing
4,54.0,Subject11,Vexing
4,217.0,Subject11,Vexing
4,0.0,Subject11,Vexing
4,53.0,Subject11,Vexing
4,1169.0,Subject11,Vexing
4,198.0,Subject11,Vexing
4,97.0,Subject11,Vexing
4,476.0,Subject11,Vexing
4,0.0,Subject11,Vexing
4,255.0,Subject11,Vexing
4,200.0,Subject11,Vexing
4,166.0,Subject11,Vexing
4,483.0,Subject11,Vexing
5,0.0,Subject11,Vexing
5,719.0,Subject11,Vexing
5,568.0,Subject11,Vexing
5,444.0,Subject11,Vexing
5,375.0,Subject11,Vexing
5,446.0,Subject11,Vexing
5,82.0,Subject11,Vexing
5,405.0,Subject11,Vexing
5,83.0,Subject11,Vexing
5,104.0,Subject11,Vexing
5,462.0,Subject11,Vexing
5,87.0,Subject11,Vexing
5,426.0,Subject11,Vexing
5,103.0,Subject11,Vexing
5,436.0,Subject11,Vexing
5,349.0,Subject11,Vexing
5,161.0,Subject11,Vexing
5,202.0,Subject11,Vexing
5,265.0,Subject11,Vexing
5,114.0,Subject11,Vexing
5,496.0,Subject11,Vexing
5,82.0,Subject11,Vexing
6,0.0,Subject11,Vexing
6,0.0,Subject11,Vexing
6,0.0,Subject11,Vexing
6,482.0,Subject11,Vexing
6,227.0,Subject11,Vexing
6,133.0,Subject11,Vexing
6,192.0,Subject11,Vexing
6,107.0,Subject11,Vexing
6,1054.0,Subject11,Vexing
6,739.0,Subject11,Vexing
6,917.0,Subject11,Vexing
6,299.0,Subject11,Vexing
6,0.0,Subject11,Vexing
6,0.0,Subject11,Vexing
6,112.0,Subject11,Vexing
6,268.0,Subject11,Vexing
6,861.0,Subject11,Vexing
6,365.0,Subject11,Vexing
6,0.0,Subject11,Vexing
6,425.0,Subject11,Vexing
6,22.0,Subject11,Vexing
6,339.0,Subject11,Vexing
7,0.0,Subject11,Vexing
7,583.0,Subject11,Vexing
7,69.0,Subject11,Vexing
7,113.0,Subject11,Vexing
7,410.0,Subject11,Vexing
7,455.0,Subject11,Vexing
7,119.0,Subject11,Vexing
7,175.0,Subject11,Vexing
7,215.0,Subject11,Vexing
7,487.0,Subject11,Vexing
7,158.0,Subject11,Vexing
7,473.0,Subject11,Vexing
7,0.0,Subject11,Vexing
7,446.0,Subject11,Vexing
7,491.0,Subject11,Vexing
7,489.0,Subject11,Vexing
7,80.0,Subject11,Vexing
7,5.0,Subject11,Vexing
7,22.0,Subject11,Vexing
7,466.0,Subject11,Vexing
7,36.0,Subject11,Vexing
7,278.0,Subject11,Vexing
8,0.0,Subject11,Vexing
8,0.0,Subject11,Vexing
8,0.0,Subject11,Vexing
8,486.0,Subject11,Vexing
8,157.0,Subject11,Vexing
8,425.0,Subject11,Vexing
8,81.0,Subject11,Vexing
8,0.0,Subject11,Vexing
8,0.0,Subject11,Vexing
8,305.0,Subject11,Vexing
8,402.0,Subject11,Vexing
8,477.0,Subject11,Vexing
8,285.0,Subject11,Vexing
8,540.0,Subject11,Vexing
8,278.0,Subject11,Vexing
8,310.0,Subject11,Vexing
8,12.0,Subject11,Vexing
8,389.0,Subject11,Vexing
8,761.0,Subject11,Vexing
8,639.0,Subject11,Vexing
8,605.0,Subject11,Vexing
8,600.0,Subject11,Vexing
9,0.0,Subject11,Vexing
9,278.0,Subject11,Vexing
9,147.0,Subject11,Vexing
9,0.0,Subject11,Vexing
9,0.0,Subject11,Vexing
9,20.0,Subject11,Vexing
9,429.0,Subject11,Vexing
9,149.0,Subject11,Vexing
9,82.0,Subject11,Vexing
9,379.0,Subject11,Vexing
9,382.0,Subject11,Vexing
9,0.0,Subject11,Vexing
9,36.0,Subject11,Vexing
9,484.0,Subject11,Vexing
9,54.0,Subject11,Vexing
9,413.0,Subject11,Vexing
9,455.0,Subject11,Vexing
9,0.0,Subject11,Vexing
9,348.0,Subject11,Vexing
9,439.0,Subject11,Vexing
9,27.0,Subject11,Vexing
9,0.0,Subject11,Vexing
10,0.0,Subject11,Vexing
10,0.0,Subject11,Vexing
10,0.0,Subject11,Vexing
10,247.0,Subject11,Vexing
10,117.0,Subject11,Vexing
10,452.0,Subject11,Vexing
10,729.0,Subject11,Vexing
10,278.0,Subject11,Vexing
10,723.0,Subject11,Vexing
10,260.0,Subject11,Vexing
10,498.0,Subject11,Vexing
10,451.0,Subject11,Vexing
10,172.0,Subject11,Vexing
10,450.0,Subject11,Vexing
10,114.0,Subject11,Vexing
10,84.0,Subject11,Vexing
10,319.0,Subject11,Vexing
10,964.0,Subject11,Vexing
10,781.0,Subject11,Vexing
10,643.0,Subject11,Vexing
10,112.0,Subject11,Vexing
10,456.0,Subject11,Vexing
11,0.0,Subject11,Vexing
11,0.0,Subject11,Vexing
11,0.0,Subject11,Vexing
11,557.0,Subject11,Vexing
11,1416.0,Subject11,Vexing
11,238.0,Subject11,Vexing
11,684.0,Subject11,Vexing
11,0.0,Subject11,Vexing
11,0.0,Subject11,Vexing
11,411.0,Subject11,Vexing
11,160.0,Subject11,Vexing
11,385.0,Subject11,Vexing
11,284.0,Subject11,Vexing
11,19.0,Subject11,Vexing
11,513.0,Subject11,Vexing
11,580.0,Subject11,Vexing
11,372.0,Subject11,Vexing
11,438.0,Subject11,Vexing
11,116.0,Subject11,Vexing
11,408.0,Subject11,Vexing
11,374.0,Subject11,Vexing
11,0.0,Subject11,Vexing
12,0.0,Subject11,Vexing
12,160.0,Subject11,Vexing
12,449.0,Subject11,Vexing
12,497.0,Subject11,Vexing
12,366.0,Subject11,Vexing
12,372.0,Subject11,Vexing
12,46.0,Subject11,Vexing
12,0.0,Subject11,Vexing
12,425.0,Subject11,Vexing
12,452.0,Subject11,Vexing
12,94.0,Subject11,Vexing
12,58.0,Subject11,Vexing
12,428.0,Subject11,Vexing
12,288.0,Subject11,Vexing
12,907.0,Subject11,Vexing
12,408.0,Subject11,Vexing
12,403.0,Subject11,Vexing
12,494.0,Subject11,Vexing
12,33.0,Subject11,Vexing
12,313.0,Subject11,Vexing
12,437.0,Subject11,Vexing
12,0.0,Subject11,Vexing
13,0.0,Subject11,Vexing
13,0.0,Subject11,Vexing
13,0.0,Subject11,Vexing
13,205.0,Subject11,Vexing
13,172.0,Subject11,Vexing
13,70.0,Subject11,Vexing
13,49.0,Subject11,Vexing
13,90.0,Subject11,Vexing
13,245.0,Subject11,Vexing
13,232.0,Subject11,Vexing
13,0.0,Subject11,Vexing
13,0.0,Subject11,Vexing
13,162.0,Subject11,Vexing
13,357.0,Subject11,Vexing
13,325.0,Subject11,Vexing
13,996.0,Subject11,Vexing
13,324.0,Subject11,Vexing
13,339.0,Subject11,Vexing
13,319.0,Subject11,Vexing
13,386.0,Subject11,Vexing
13,245.0,Subject11,Vexing
13,218.0,Subject11,Vexing
14,0.0,Subject11,Vexing
14,214.0,Subject11,Vexing
14,235.0,Subject11,Vexing
14,37.0,Subject11,Vexing
14,0.0,Subject11,Vexing
14,232.0,Subject11,Vexing
14,466.0,Subject11,Vexing
14,0.0,Subject11,Vexing
14,364.0,Subject11,Vexing
14,434.0,Subject11,Vexing
14,259.0,Subject11,Vexing
14,397.0,Subject11,Vexing
14,788.0,Subject11,Vexing
14,363.0,Subject11,Vexing
14,268.0,Subject11,Vexing
14,489.0,Subject11,Vexing
14,294.0,Subject11,Vexing
14,131.0,Subject11,Vexing
14,1.0,Subject11,Vexing
14,36.0,Subject11,Vexing
14,42.0,Subject11,Vexing
14,89.0,Subject11,Vexing
15,0.0,Subject11,Vexing
15,0.0,Subject11,Vexing
15,0.0,Subject11,Vexing
15,440.0,Subject11,Vexing
15,676.0,Subject11,Vexing
15,290.0,Subject11,Vexing
15,244.0,Subject11,Vexing
15,34.0,Subject11,Vexing
15,463.0,Subject11,Vexing
15,227.0,Subject11,Vexing
15,228.0,Subject11,Vexing
15,239.0,Subject11,Vexing
15,940.0,Subject11,Vexing
15,101.0,Subject11,Vexing
15,10.0,Subject11,Vexing
15,56.0,Subject11,Vexing
15,168.0,Subject11,Vexing
15,219.0,Subject11,Vexing
15,1318.0,Subject11,Vexing
15,364.0,Subject11,Vexing
15,592.0,Subject11,Vexing
15,463.0,Subject11,Vexing
16,0.0,Subject11,Vexing
16,774.0,Subject11,Vexing
16,1188.0,Subject11,Vexing
16,93.0,Subject11,Vexing
16,30.0,Subject11,Vexing
16,135.0,Subject11,Vexing
16,205.0,Subject11,Vexing
16,407.0,Subject11,Vexing
16,354.0,Subject11,Vexing
16,88.0,Subject11,Vexing
16,462.0,Subject11,Vexing
16,66.0,Subject11,Vexing
16,0.0,Subject11,Vexing
16,425.0,Subject11,Vexing
16,133.0,Subject11,Vexing
16,243.0,Subject11,Vexing
16,0.0,Subject11,Vexing
16,905.0,Subject11,Vexing
16,157.0,Subject11,Vexing
16,97.0,Subject11,Vexing
16,0.0,Subject11,Vexing
16,124.0,Subject11,Vexing
